Workbook

Sheet Attendance_Data
A1: Date | B1: Day | C1: Lecture_No | D1: Start_Time | E1: End_Time | F1: Subject | G1: Faculty_ID | H1: Semester | I1: Branch | J1: Section | K1: Classroom | L1: Total_Students | M1: Present | N1: Attendance_Percentage | O1: Previous_Lecture_Attendance | P1: Gap_Since_Previous_Lecture | Q1: Practical_Theory | R1: Test_Week | S1: Assignment_Due | T1: Holiday_Near | U1: Weather | V1: Special_Event | W1: Faculty_Experience | X1: Week_Number | Y1: Day_of_Semester | Z1: Time_of_Day
A2: 46188 | B2: Monday | C2: 1 | D2: 0.38541667 | E2: 0.42708333 | F2: Soft Skill | G2: SDa | H2: III | I2: MCA | J2: A | K2: Seminar Hall | L2: 103 | M2: =RANDBETWEEN(40,103) -> 40 | N2: =IF(OR(L2="", M2=""), "", (M2/L2)*100) -> 38.834951 | O2: 72.228754 | P2: =IF(C2=1, 0, IF(AND(A2=A1, J2=J1), ROUND(MAX(0, (D2-E1)*24), 2), 0)) -> 0 | Q2: Theory | R2: No | S2: =IF(OR(ISNUMBER(SEARCH("Guest", F2)), ISNUMBER(SEARCH("Hands-on", F2)), ISNUMBER(SEARCH("Project", F2)), B2="Friday"), "Yes", "No") -> No | T2: Yes | U2: =IF(MONTH(A2)=6, IF(DAY(A2)<20, "Sunny", "Cloudy"), IF(OR(MONTH(A2)=7, MONTH(A2)=8), "Rainy", "Sunny")) -> Sunny | V2: No | W2: {=_xlfn.IFS( OR(F2="Selenium (Hands-on)",F2="Guest Lecture: HR Interview"),6, OR(F2="Soft Skill",F2="Soft Skill (Examination)",F2="AWS Training",F2="AWS Session"),7, OR(ISNUMBER(SEARCH("MAD",F2)),ISNUMBER(SEARCH("STQA",F2)),F2="CI/CD Session"),8, OR(ISNUMBER(SEARCH("Cloud",F2)),F2="Industry Readiness Program",ISNUMBER(SEARCH("Talenlio",F2))),9, OR(ISNUMBER(SEARCH("Innovation",F2)),F2="Mini Project"),10, OR(ISNUMBER(SEARCH("Data Science",F2)),ISNUMBER(SEARCH("DS",F2))),11, ISNUMBER(SEARCH("Generative AI",F2)),12 =_xlfn.IFS( OR(F2="Selenium (Hands-on)",F2="Guest Lecture: HR Interview"),6, OR(F2="Soft Skill",F2="Soft Skill (Examination)",F2="AWS Training",F2="AWS Session"),7, OR(ISNUMBER(SEARCH("MAD",F2)),ISNUMBER(SEARCH("STQA",F2)),F2="CI/CD Session"),8, OR(ISNUMBER(SEARCH("Cloud",F2)),F2="Industry Readiness Program",ISNUMBER(SEARCH("Talenlio",F2))),9, OR(ISNUMBER(SEARCH("Innovation",F2)),F2="Mini Project"),10, OR(ISNUMBER(SEARCH("Data Science",F2)),ISNUMBER(SEARCH("DS",F2))),11, ISNUMBER(SEARCH("Generative AI",F2)),12 =_xlfn.IFS( OR(F2="Selenium (Hands-on)",F2="Guest Lecture: HR Interview"),6, OR(F2="Soft Skill",F2="Soft Skill (Examination)",F2="AWS Training",F2="AWS Session"),7, OR(ISNUMBER(SEARCH("MAD",F2)),ISNUMBER(SEARCH("STQA",F2)),F2="CI/CD Session"),8, OR(ISNUMBER(SEARCH("Cloud",F2)),F2="Industry Readiness Program",ISNUMBER(SEARCH("Talenlio",F2))),9, OR(ISNUMBER(SEARCH("Innovation",F2)),F2="Mini Project"),10, OR(ISNUMBER(SEARCH("Data Science",F2)),ISNUMBER(SEARCH("DS",F2))),11, ISNUMBER(SEARCH("Generative AI",F2)),12 =_xlfn.IFS( OR(F2="Selenium (Hands-on)",F2="Guest Lecture: HR Interview"),6, OR(F2="Soft Skill",F2="Soft Skill (Examination)",F2="AWS Training",F2="AWS Session"),7, OR(ISNUMBER(SEARCH("MAD",F2)),ISNUMBER(SEARCH("STQA",F2)),F2="CI/CD Session"),8, OR(ISNUMBER(SEARCH("Cloud",F2)),F2="Industry Readiness Program",ISNUMBER(SEARCH("Talenlio",F2))),9, OR(ISNUMBER(SEARCH("Innovation",F2)),F2="Mini Project"),10, OR(ISNUMBER(SEARCH("Data Science",F2)),ISNUMBER(SEARCH("DS",F2))),11, ISNUMBER(SEARCH("Generative AI",F2)),12 ))))} -> 7 | X2: 1 | Y2: 1 | Z2: Morning
A3: 46188 | B3: Monday | C3: 2 | D3: 0.42708333 | E3: 0.46875 | F3: Soft Skill | G3: SDa | H3: III | I3: MCA | J3: A | K3: Seminar Hall | L3: 103 | M3: =RANDBETWEEN(40,103) -> 72 | N3: =IF(OR(L3="",M3=""),"",M3/L3*100) -> 69.902913 | O3: {=IFERROR(LOOKUP(2, 1/((F$1:F2=F3)*(J$1:J2=J3)*(ROW(F$1:F2)<ROW(F3))), N$1:N2), "")} -> 38.834951 | P3: =IF(C3=1, 0, IF(AND(A3=A2, J3=J2), ROUND(MAX(0, (D3-E2)*24), 2), 0)) -> 0 | Q3: Theory | R3: No | S3: =IF(OR(ISNUMBER(SEARCH("Guest", F3)), ISNUMBER(SEARCH("Hands-on", F3)), ISNUMBER(SEARCH("Project", F3)), B3="Friday"), "Yes", "No") -> No | T3: Yes | U3: =IF(MONTH(A3)=6, IF(DAY(A3)<20, "Sunny", "Cloudy"), IF(OR(MONTH(A3)=7, MONTH(A3)=8), "Rainy", "Sunny")) -> Sunny | V3: No | W3: {=_xlfn.IFS( OR(F3="Selenium (Hands-on)",F3="Guest Lecture: HR Interview"),6, OR(F3="Soft Skill",F3="Soft Skill (Examination)",F3="AWS Training",F3="AWS Session"),7, OR(ISNUMBER(SEARCH("MAD",F3)),ISNUMBER(SEARCH("STQA",F3)),F3="CI/CD Session"),8, OR(ISNUMBER(SEARCH("Cloud",F3)),F3="Industry Readiness Program",ISNUMBER(SEARCH("Talenlio",F3))),9, OR(ISNUMBER(SEARCH("Innovation",F3)),F3="Mini Project"),10, OR(ISNUMBER(SEARCH("Data Science",F3)),ISNUMBER(SEARCH("DS",F3))),11, ISNUMBER(SEARCH("Generative AI",F3)),12 =_xlfn.IFS( OR(F3="Selenium (Hands-on)",F3="Guest Lecture: HR Interview"),6, OR(F3="Soft Skill",F3="Soft Skill (Examination)",F3="AWS Training",F3="AWS Session"),7, OR(ISNUMBER(SEARCH("MAD",F3)),ISNUMBER(SEARCH("STQA",F3)),F3="CI/CD Session"),8, OR(ISNUMBER(SEARCH("Cloud",F3)),F3="Industry Readiness Program",ISNUMBER(SEARCH("Talenlio",F3))),9, OR(ISNUMBER(SEARCH("Innovation",F3)),F3="Mini Project"),10, OR(ISNUMBER(SEARCH("Data Science",F3)),ISNUMBER(SEARCH("DS",F3))),11, ISNUMBER(SEARCH("Generative AI",F3)),12 =_xlfn.IFS( OR(F3="Selenium (Hands-on)",F3="Guest Lecture: HR Interview"),6, OR(F3="Soft Skill",F3="Soft Skill (Examination)",F3="AWS Training",F3="AWS Session"),7, OR(ISNUMBER(SEARCH("MAD",F3)),ISNUMBER(SEARCH("STQA",F3)),F3="CI/CD Session"),8, OR(ISNUMBER(SEARCH("Cloud",F3)),F3="Industry Readiness Program",ISNUMBER(SEARCH("Talenlio",F3))),9, OR(ISNUMBER(SEARCH("Innovation",F3)),F3="Mini Project"),10, OR(ISNUMBER(SEARCH("Data Science",F3)),ISNUMBER(SEARCH("DS",F3))),11, ISNUMBER(SEARCH("Generative AI",F3)),12 =_xlfn.IFS( OR(F3="Selenium (Hands-on)",F3="Guest Lecture: HR Interview"),6, OR(F3="Soft Skill",F3="Soft Skill (Examination)",F3="AWS Training",F3="AWS Session"),7, OR(ISNUMBER(SEARCH("MAD",F3)),ISNUMBER(SEARCH("STQA",F3)),F3="CI/CD Session"),8, OR(ISNUMBER(SEARCH("Cloud",F3)),F3="Industry Readiness Program",ISNUMBER(SEARCH("Talenlio",F3))),9, OR(ISNUMBER(SEARCH("Innovation",F3)),F3="Mini Project"),10, OR(ISNUMBER(SEARCH("Data Science",F3)),ISNUMBER(SEARCH("DS",F3))),11, ISNUMBER(SEARCH("Generative AI",F3)),12 ))))} -> 7 | X3: 1 | Y3: 1 | Z3: Morning
A4: 46188 | B4: Monday | C4: 3 | D4: 0.5625 | E4: 0.60416667 | F4: Guest Session: Generative AI Development - Opportunities for the Future | G4: AG | H4: III | I4: MCA | J4: A | K4: Seminar Hall | L4: 103 | M4: =RANDBETWEEN(40,103) -> 45 | N4: =IF(OR(L4="",M4=""),"",M4/L4*100) -> 43.68932 | O4: 60.749923 | P4: =IF(C4=1, 0, IF(AND(A4=A3, J4=J3), ROUND(MAX(0, (D4-E3)*24), 2), 0)) -> 2.25 | Q4: Theory | R4: No | S4: =IF(OR(ISNUMBER(SEARCH("Guest", F4)), ISNUMBER(SEARCH("Hands-on", F4)), ISNUMBER(SEARCH("Project", F4)), B4="Friday"), "Yes", "No") -> Yes | T4: Yes | U4: =IF(MONTH(A4)=6, IF(DAY(A4)<20, "Sunny", "Cloudy"), IF(OR(MONTH(A4)=7, MONTH(A4)=8), "Rainy", "Sunny")) -> Sunny | V4: Yes | W4: {=_xlfn.IFS( OR(F4="Selenium (Hands-on)",F4="Guest Lecture: HR Interview"),6, OR(F4="Soft Skill",F4="Soft Skill (Examination)",F4="AWS Training",F4="AWS Session"),7, OR(ISNUMBER(SEARCH("MAD",F4)),ISNUMBER(SEARCH("STQA",F4)),F4="CI/CD Session"),8, OR(ISNUMBER(SEARCH("Cloud",F4)),F4="Industry Readiness Program",ISNUMBER(SEARCH("Talenlio",F4))),9, OR(ISNUMBER(SEARCH("Innovation",F4)),F4="Mini Project"),10, OR(ISNUMBER(SEARCH("Data Science",F4)),ISNUMBER(SEARCH("DS",F4))),11, ISNUMBER(SEARCH("Generative AI",F4)),12 =_xlfn.IFS( OR(F4="Selenium (Hands-on)",F4="Guest Lecture: HR Interview"),6, OR(F4="Soft Skill",F4="Soft Skill (Examination)",F4="AWS Training",F4="AWS Session"),7, OR(ISNUMBER(SEARCH("MAD",F4)),ISNUMBER(SEARCH("STQA",F4)),F4="CI/CD Session"),8, OR(ISNUMBER(SEARCH("Cloud",F4)),F4="Industry Readiness Program",ISNUMBER(SEARCH("Talenlio",F4))),9, OR(ISNUMBER(SEARCH("Innovation",F4)),F4="Mini Project"),10, OR(ISNUMBER(SEARCH("Data Science",F4)),ISNUMBER(SEARCH("DS",F4))),11, ISNUMBER(SEARCH("Generative AI",F4)),12 =_xlfn.IFS( OR(F4="Selenium (Hands-on)",F4="Guest Lecture: HR Interview"),6, OR(F4="Soft Skill",F4="Soft Skill (Examination)",F4="AWS Training",F4="AWS Session"),7, OR(ISNUMBER(SEARCH("MAD",F4)),ISNUMBER(SEARCH("STQA",F4)),F4="CI/CD Session"),8, OR(ISNUMBER(SEARCH("Cloud",F4)),F4="Industry Readiness Program",ISNUMBER(SEARCH("Talenlio",F4))),9, OR(ISNUMBER(SEARCH("Innovation",F4)),F4="Mini Project"),10, OR(ISNUMBER(SEARCH("Data Science",F4)),ISNUMBER(SEARCH("DS",F4))),11, ISNUMBER(SEARCH("Generative AI",F4)),12 =_xlfn.IFS( OR(F4="Selenium (Hands-on)",F4="Guest Lecture: HR Interview"),6, OR(F4="Soft Skill",F4="Soft Skill (Examination)",F4="AWS Training",F4="AWS Session"),7, OR(ISNUMBER(SEARCH("MAD",F4)),ISNUMBER(SEARCH("STQA",F4)),F4="CI/CD Session"),8, OR(ISNUMBER(SEARCH("Cloud",F4)),F4="Industry Readiness Program",ISNUMBER(SEARCH("Talenlio",F4))),9, OR(ISNUMBER(SEARCH("Innovation",F4)),F4="Mini Project"),10, OR(ISNUMBER(SEARCH("Data Science",F4)),ISNUMBER(SEARCH("DS",F4))),11, ISNUMBER(SEARCH("Generative AI",F4)),12 ))))} -> FALSE | X4: 1 | Y4: 1 | Z4: Afternoon
A5: 46188 | B5: Monday | C5: 4 | D5: 0.60416667 | E5: 0.64583333 | F5: Guest Session: Generative AI Development - Opportunities for the Future | G5: AG | H5: III | I5: MCA | J5: A | K5: Seminar Hall | L5: 103 | M5: =RANDBETWEEN(40,103) -> 66 | N5: =IF(OR(L5="",M5=""),"",M5/L5*100) -> 64.07767 | O5: {=IFERROR(LOOKUP(2, 1/((F$1:F4=F5)*(J$1:J4=J5)*(ROW(F$1:F4)<ROW(F5))), N$1:N4), "")} -> 43.68932 | P5: =IF(C5=1, 0, IF(AND(A5=A4, J5=J4), ROUND(MAX(0, (D5-E4)*24), 2), 0)) -> 0 | Q5: Theory | R5: No | S5: =IF(OR(ISNUMBER(SEARCH("Guest", F5)), ISNUMBER(SEARCH("Hands-on", F5)), ISNUMBER(SEARCH("Project", F5)), B5="Friday"), "Yes", "No") -> Yes | T5: Yes | U5: =IF(MONTH(A5)=6, IF(DAY(A5)<20, "Sunny", "Cloudy"), IF(OR(MONTH(A5)=7, MONTH(A5)=8), "Rainy", "Sunny")) -> Sunny | V5: Yes | W5: {=_xlfn.IFS( OR(F5="Selenium (Hands-on)",F5="Guest Lecture: HR Interview"),6, OR(F5="Soft Skill",F5="Soft Skill (Examination)",F5="AWS Training",F5="AWS Session"),7, OR(ISNUMBER(SEARCH("MAD",F5)),ISNUMBER(SEARCH("STQA",F5)),F5="CI/CD Session"),8, OR(ISNUMBER(SEARCH("Cloud",F5)),F5="Industry Readiness Program",ISNUMBER(SEARCH("Talenlio",F5))),9, OR(ISNUMBER(SEARCH("Innovation",F5)),F5="Mini Project"),10, OR(ISNUMBER(SEARCH("Data Science",F5)),ISNUMBER(SEARCH("DS",F5))),11, ISNUMBER(SEARCH("Generative AI",F5)),12 =_xlfn.IFS( OR(F5="Selenium (Hands-on)",F5="Guest Lecture: HR Interview"),6, OR(F5="Soft Skill",F5="Soft Skill (Examination)",F5="AWS Training",F5="AWS Session"),7, OR(ISNUMBER(SEARCH("MAD",F5)),ISNUMBER(SEARCH("STQA",F5)),F5="CI/CD Session"),8, OR(ISNUMBER(SEARCH("Cloud",F5)),F5="Industry Readiness Program",ISNUMBER(SEARCH("Talenlio",F5))),9, OR(ISNUMBER(SEARCH("Innovation",F5)),F5="Mini Project"),10, OR(ISNUMBER(SEARCH("Data Science",F5)),ISNUMBER(SEARCH("DS",F5))),11, ISNUMBER(SEARCH("Generative AI",F5)),12 =_xlfn.IFS( OR(F5="Selenium (Hands-on)",F5="Guest Lecture: HR Interview"),6, OR(F5="Soft Skill",F5="Soft Skill (Examination)",F5="AWS Training",F5="AWS Session"),7, OR(ISNUMBER(SEARCH("MAD",F5)),ISNUMBER(SEARCH("STQA",F5)),F5="CI/CD Session"),8, OR(ISNUMBER(SEARCH("Cloud",F5)),F5="Industry Readiness Program",ISNUMBER(SEARCH("Talenlio",F5))),9, OR(ISNUMBER(SEARCH("Innovation",F5)),F5="Mini Project"),10, OR(ISNUMBER(SEARCH("Data Science",F5)),ISNUMBER(SEARCH("DS",F5))),11, ISNUMBER(SEARCH("Generative AI",F5)),12 =_xlfn.IFS( OR(F5="Selenium (Hands-on)",F5="Guest Lecture: HR Interview"),6, OR(F5="Soft Skill",F5="Soft Skill (Examination)",F5="AWS Training",F5="AWS Session"),7, OR(ISNUMBER(SEARCH("MAD",F5)),ISNUMBER(SEARCH("STQA",F5)),F5="CI/CD Session"),8, OR(ISNUMBER(SEARCH("Cloud",F5)),F5="Industry Readiness Program",ISNUMBER(SEARCH("Talenlio",F5))),9, OR(ISNUMBER(SEARCH("Innovation",F5)),F5="Mini Project"),10, OR(ISNUMBER(SEARCH("Data Science",F5)),ISNUMBER(SEARCH("DS",F5))),11, ISNUMBER(SEARCH("Generative AI",F5)),12 ))))} -> FALSE | X5: 1 | Y5: 1 | Z5: Afternoon
A6: 46189 | B6: Tuesday | C6: 1 | D6: 0.38541667 | E6: 0.42708333 | F6: Soft Skill | G6: SD | H6: III | I6: MCA | J6: A | K6: Seminar Hall | L6: 103 | M6: =RANDBETWEEN(40,103) -> 47 | N6: =IF(OR(L6="",M6=""),"",M6/L6*100) -> 45.631068 | O6: {=IFERROR(LOOKUP(2, 1/((F$1:F5=F6)*(J$1:J5=J6)*(ROW(F$1:F5)<ROW(F6))), N$1:N5), "")} -> 69.902913 | P6: =IF(C6=1, 0, IF(AND(A6=A5, J6=J5), ROUND(MAX(0, (D6-E5)*24), 2), 0)) -> 0 | Q6: Theory | R6: No | S6: =IF(OR(ISNUMBER(SEARCH("Guest", F6)), ISNUMBER(SEARCH("Hands-on", F6)), ISNUMBER(SEARCH("Project", F6)), B6="Friday"), "Yes", "No") -> No | T6: No | U6: =IF(MONTH(A6)=6, IF(DAY(A6)<20, "Sunny", "Cloudy"), IF(OR(MONTH(A6)=7, MONTH(A6)=8), "Rainy", "Sunny")) -> Sunny | V6: No | W6: {=_xlfn.IFS( OR(F6="Selenium (Hands-on)",F6="Guest Lecture: HR Interview"),6, OR(F6="Soft Skill",F6="Soft Skill (Examination)",F6="AWS Training",F6="AWS Session"),7, OR(ISNUMBER(SEARCH("MAD",F6)),ISNUMBER(SEARCH("STQA",F6)),F6="CI/CD Session"),8, OR(ISNUMBER(SEARCH("Cloud",F6)),F6="Industry Readiness Program",ISNUMBER(SEARCH("Talenlio",F6))),9, OR(ISNUMBER(SEARCH("Innovation",F6)),F6="Mini Project"),10, OR(ISNUMBER(SEARCH("Data Science",F6)),ISNUMBER(SEARCH("DS",F6))),11, ISNUMBER(SEARCH("Generative AI",F6)),12 =_xlfn.IFS( OR(F6="Selenium (Hands-on)",F6="Guest Lecture: HR Interview"),6, OR(F6="Soft Skill",F6="Soft Skill (Examination)",F6="AWS Training",F6="AWS Session"),7, OR(ISNUMBER(SEARCH("MAD",F6)),ISNUMBER(SEARCH("STQA",F6)),F6="CI/CD Session"),8, OR(ISNUMBER(SEARCH("Cloud",F6)),F6="Industry Readiness Program",ISNUMBER(SEARCH("Talenlio",F6))),9, OR(ISNUMBER(SEARCH("Innovation",F6)),F6="Mini Project"),10, OR(ISNUMBER(SEARCH("Data Science",F6)),ISNUMBER(SEARCH("DS",F6))),11, ISNUMBER(SEARCH("Generative AI",F6)),12 =_xlfn.IFS( OR(F6="Selenium (Hands-on)",F6="Guest Lecture: HR Interview"),6, OR(F6="Soft Skill",F6="Soft Skill (Examination)",F6="AWS Training",F6="AWS Session"),7, OR(ISNUMBER(SEARCH("MAD",F6)),ISNUMBER(SEARCH("STQA",F6)),F6="CI/CD Session"),8, OR(ISNUMBER(SEARCH("Cloud",F6)),F6="Industry Readiness Program",ISNUMBER(SEARCH("Talenlio",F6))),9, OR(ISNUMBER(SEARCH("Innovation",F6)),F6="Mini Project"),10, OR(ISNUMBER(SEARCH("Data Science",F6)),ISNUMBER(SEARCH("DS",F6))),11, ISNUMBER(SEARCH("Generative AI",F6)),12 =_xlfn.IFS( OR(F6="Selenium (Hands-on)",F6="Guest Lecture: HR Interview"),6, OR(F6="Soft Skill",F6="Soft Skill (Examination)",F6="AWS Training",F6="AWS Session"),7, OR(ISNUMBER(SEARCH("MAD",F6)),ISNUMBER(SEARCH("STQA",F6)),F6="CI/CD Session"),8, OR(ISNUMBER(SEARCH("Cloud",F6)),F6="Industry Readiness Program",ISNUMBER(SEARCH("Talenlio",F6))),9, OR(ISNUMBER(SEARCH("Innovation",F6)),F6="Mini Project"),10, OR(ISNUMBER(SEARCH("Data Science",F6)),ISNUMBER(SEARCH("DS",F6))),11, ISNUMBER(SEARCH("Generative AI",F6)),12 ))))} -> 7 | X6: 1 | Y6: 2 | Z6: Morning
A7: 46189 | B7: Tuesday | C7: 2 | D7: 0.42708333 | E7: 0.46875 | F7: Soft Skill | G7: SD | H7: III | I7: MCA | J7: A | K7: Seminar Hall | L7: 103 | M7: =RANDBETWEEN(40,103) -> 67 | N7: =IF(OR(L7="",M7=""),"",M7/L7*100) -> 65.048544 | O7: {=IFERROR(LOOKUP(2, 1/((F$1:F6=F7)*(J$1:J6=J7)*(ROW(F$1:F6)<ROW(F7))), N$1:N6), "")} -> 45.631068 | P7: =IF(C7=1, 0, IF(AND(A7=A6, J7=J6), ROUND(MAX(0, (D7-E6)*24), 2), 0)) -> 0 | Q7: Theory | R7: No | S7: =IF(OR(ISNUMBER(SEARCH("Guest", F7)), ISNUMBER(SEARCH("Hands-on", F7)), ISNUMBER(SEARCH("Project", F7)), B7="Friday"), "Yes", "No") -> No | T7: No | U7: =IF(MONTH(A7)=6, IF(DAY(A7)<20, "Sunny", "Cloudy"), IF(OR(MONTH(A7)=7, MONTH(A7)=8), "Rainy", "Sunny")) -> Sunny | V7: No | W7: {=_xlfn.IFS( OR(F7="Selenium (Hands-on)",F7="Guest Lecture: HR Interview"),6, OR(F7="Soft Skill",F7="Soft Skill (Examination)",F7="AWS Training",F7="AWS Session"),7, OR(ISNUMBER(SEARCH("MAD",F7)),ISNUMBER(SEARCH("STQA",F7)),F7="CI/CD Session"),8, OR(ISNUMBER(SEARCH("Cloud",F7)),F7="Industry Readiness Program",ISNUMBER(SEARCH("Talenlio",F7))),9, OR(ISNUMBER(SEARCH("Innovation",F7)),F7="Mini Project"),10, OR(ISNUMBER(SEARCH("Data Science",F7)),ISNUMBER(SEARCH("DS",F7))),11, ISNUMBER(SEARCH("Generative AI",F7)),12 =_xlfn.IFS( OR(F7="Selenium (Hands-on)",F7="Guest Lecture: HR Interview"),6, OR(F7="Soft Skill",F7="Soft Skill (Examination)",F7="AWS Training",F7="AWS Session"),7, OR(ISNUMBER(SEARCH("MAD",F7)),ISNUMBER(SEARCH("STQA",F7)),F7="CI/CD Session"),8, OR(ISNUMBER(SEARCH("Cloud",F7)),F7="Industry Readiness Program",ISNUMBER(SEARCH("Talenlio",F7))),9, OR(ISNUMBER(SEARCH("Innovation",F7)),F7="Mini Project"),10, OR(ISNUMBER(SEARCH("Data Science",F7)),ISNUMBER(SEARCH("DS",F7))),11, ISNUMBER(SEARCH("Generative AI",F7)),12 =_xlfn.IFS( OR(F7="Selenium (Hands-on)",F7="Guest Lecture: HR Interview"),6, OR(F7="Soft Skill",F7="Soft Skill (Examination)",F7="AWS Training",F7="AWS Session"),7, OR(ISNUMBER(SEARCH("MAD",F7)),ISNUMBER(SEARCH("STQA",F7)),F7="CI/CD Session"),8, OR(ISNUMBER(SEARCH("Cloud",F7)),F7="Industry Readiness Program",ISNUMBER(SEARCH("Talenlio",F7))),9, OR(ISNUMBER(SEARCH("Innovation",F7)),F7="Mini Project"),10, OR(ISNUMBER(SEARCH("Data Science",F7)),ISNUMBER(SEARCH("DS",F7))),11, ISNUMBER(SEARCH("Generative AI",F7)),12 =_xlfn.IFS( OR(F7="Selenium (Hands-on)",F7="Guest Lecture: HR Interview"),6, OR(F7="Soft Skill",F7="Soft Skill (Examination)",F7="AWS Training",F7="AWS Session"),7, OR(ISNUMBER(SEARCH("MAD",F7)),ISNUMBER(SEARCH("STQA",F7)),F7="CI/CD Session"),8, OR(ISNUMBER(SEARCH("Cloud",F7)),F7="Industry Readiness Program",ISNUMBER(SEARCH("Talenlio",F7))),9, OR(ISNUMBER(SEARCH("Innovation",F7)),F7="Mini Project"),10, OR(ISNUMBER(SEARCH("Data Science",F7)),ISNUMBER(SEARCH("DS",F7))),11, ISNUMBER(SEARCH("Generative AI",F7)),12 ))))} -> 7 | X7: 1 | Y7: 2 | Z7: Morning
A8: 46189 | B8: Tuesday | C8: 3 | D8: 0.5625 | E8: 0.60416667 | F8: CI/CD Session | G8: DB | H8: III | I8: MCA | J8: A | K8: Lab | L8: 103 | M8: =RANDBETWEEN(40,103) -> 66 | N8: =IF(OR(L8="",M8=""),"",M8/L8*100) -> 64.07767 | O8: 84.328574 | P8: =IF(C8=1, 0, IF(AND(A8=A7, J8=J7), ROUND(MAX(0, (D8-E7)*24), 2), 0)) -> 2.25 | Q8: Practical | R8: No | S8: =IF(OR(ISNUMBER(SEARCH("Guest", F8)), ISNUMBER(SEARCH("Hands-on", F8)), ISNUMBER(SEARCH("Project", F8)), B8="Friday"), "Yes", "No") -> No | T8: No | U8: =IF(MONTH(A8)=6, IF(DAY(A8)<20, "Sunny", "Cloudy"), IF(OR(MONTH(A8)=7, MONTH(A8)=8), "Rainy", "Sunny")) -> Sunny | V8: No | W8: {=_xlfn.IFS( OR(F8="Selenium (Hands-on)",F8="Guest Lecture: HR Interview"),6, OR(F8="Soft Skill",F8="Soft Skill (Examination)",F8="AWS Training",F8="AWS Session"),7, OR(ISNUMBER(SEARCH("MAD",F8)),ISNUMBER(SEARCH("STQA",F8)),F8="CI/CD Session"),8, OR(ISNUMBER(SEARCH("Cloud",F8)),F8="Industry Readiness Program",ISNUMBER(SEARCH("Talenlio",F8))),9, OR(ISNUMBER(SEARCH("Innovation",F8)),F8="Mini Project"),10, OR(ISNUMBER(SEARCH("Data Science",F8)),ISNUMBER(SEARCH("DS",F8))),11, ISNUMBER(SEARCH("Generative AI",F8)),12 =_xlfn.IFS( OR(F8="Selenium (Hands-on)",F8="Guest Lecture: HR Interview"),6, OR(F8="Soft Skill",F8="Soft Skill (Examination)",F8="AWS Training",F8="AWS Session"),7, OR(ISNUMBER(SEARCH("MAD",F8)),ISNUMBER(SEARCH("STQA",F8)),F8="CI/CD Session"),8, OR(ISNUMBER(SEARCH("Cloud",F8)),F8="Industry Readiness Program",ISNUMBER(SEARCH("Talenlio",F8))),9, OR(ISNUMBER(SEARCH("Innovation",F8)),F8="Mini Project"),10, OR(ISNUMBER(SEARCH("Data Science",F8)),ISNUMBER(SEARCH("DS",F8))),11, ISNUMBER(SEARCH("Generative AI",F8)),12 =_xlfn.IFS( OR(F8="Selenium (Hands-on)",F8="Guest Lecture: HR Interview"),6, OR(F8="Soft Skill",F8="Soft Skill (Examination)",F8="AWS Training",F8="AWS Session"),7, OR(ISNUMBER(SEARCH("MAD",F8)),ISNUMBER(SEARCH("STQA",F8)),F8="CI/CD Session"),8, OR(ISNUMBER(SEARCH("Cloud",F8)),F8="Industry Readiness Program",ISNUMBER(SEARCH("Talenlio",F8))),9, OR(ISNUMBER(SEARCH("Innovation",F8)),F8="Mini Project"),10, OR(ISNUMBER(SEARCH("Data Science",F8)),ISNUMBER(SEARCH("DS",F8))),11, ISNUMBER(SEARCH("Generative AI",F8)),12 =_xlfn.IFS( OR(F8="Selenium (Hands-on)",F8="Guest Lecture: HR Interview"),6, OR(F8="Soft Skill",F8="Soft Skill (Examination)",F8="AWS Training",F8="AWS Session"),7, OR(ISNUMBER(SEARCH("MAD",F8)),ISNUMBER(SEARCH("STQA",F8)),F8="CI/CD Session"),8, OR(ISNUMBER(SEARCH("Cloud",F8)),F8="Industry Readiness Program",ISNUMBER(SEARCH("Talenlio",F8))),9, OR(ISNUMBER(SEARCH("Innovation",F8)),F8="Mini Project"),10, OR(ISNUMBER(SEARCH("Data Science",F8)),ISNUMBER(SEARCH("DS",F8))),11, ISNUMBER(SEARCH("Generative AI",F8)),12 ))))} -> 8 | X8: 1 | Y8: 2 | Z8: Afternoon
A9: 46189 | B9: Tuesday | C9: 4 | D9: 0.60416667 | E9: 0.64583333 | F9: CI/CD Session | G9: DB | H9: III | I9: MCA | J9: A | K9: Lab | L9: 103 | M9: =RANDBETWEEN(40,103) -> 101 | N9: =IF(OR(L9="",M9=""),"",M9/L9*100) -> 98.058252 | O9: {=IFERROR(LOOKUP(2, 1/((F$1:F8=F9)*(J$1:J8=J9)*(ROW(F$1:F8)<ROW(F9))), N$1:N8), "")} -> 64.07767 | P9: =IF(C9=1, 0, IF(AND(A9=A8, J9=J8), ROUND(MAX(0, (D9-E8)*24), 2), 0)) -> 0 | Q9: Practical | R9: No | S9: =IF(OR(ISNUMBER(SEARCH("Guest", F9)), ISNUMBER(SEARCH("Hands-on", F9)), ISNUMBER(SEARCH("Project", F9)), B9="Friday"), "Yes", "No") -> No | T9: No | U9: =IF(MONTH(A9)=6, IF(DAY(A9)<20, "Sunny", "Cloudy"), IF(OR(MONTH(A9)=7, MONTH(A9)=8), "Rainy", "Sunny")) -> Sunny | V9: No | W9: {=_xlfn.IFS( OR(F9="Selenium (Hands-on)",F9="Guest Lecture: HR Interview"),6, OR(F9="Soft Skill",F9="Soft Skill (Examination)",F9="AWS Training",F9="AWS Session"),7, OR(ISNUMBER(SEARCH("MAD",F9)),ISNUMBER(SEARCH("STQA",F9)),F9="CI/CD Session"),8, OR(ISNUMBER(SEARCH("Cloud",F9)),F9="Industry Readiness Program",ISNUMBER(SEARCH("Talenlio",F9))),9, OR(ISNUMBER(SEARCH("Innovation",F9)),F9="Mini Project"),10, OR(ISNUMBER(SEARCH("Data Science",F9)),ISNUMBER(SEARCH("DS",F9))),11, ISNUMBER(SEARCH("Generative AI",F9)),12 =_xlfn.IFS( OR(F9="Selenium (Hands-on)",F9="Guest Lecture: HR Interview"),6, OR(F9="Soft Skill",F9="Soft Skill (Examination)",F9="AWS Training",F9="AWS Session"),7, OR(ISNUMBER(SEARCH("MAD",F9)),ISNUMBER(SEARCH("STQA",F9)),F9="CI/CD Session"),8, OR(ISNUMBER(SEARCH("Cloud",F9)),F9="Industry Readiness Program",ISNUMBER(SEARCH("Talenlio",F9))),9, OR(ISNUMBER(SEARCH("Innovation",F9)),F9="Mini Project"),10, OR(ISNUMBER(SEARCH("Data Science",F9)),ISNUMBER(SEARCH("DS",F9))),11, ISNUMBER(SEARCH("Generative AI",F9)),12 =_xlfn.IFS( OR(F9="Selenium (Hands-on)",F9="Guest Lecture: HR Interview"),6, OR(F9="Soft Skill",F9="Soft Skill (Examination)",F9="AWS Training",F9="AWS Session"),7, OR(ISNUMBER(SEARCH("MAD",F9)),ISNUMBER(SEARCH("STQA",F9)),F9="CI/CD Session"),8, OR(ISNUMBER(SEARCH("Cloud",F9)),F9="Industry Readiness Program",ISNUMBER(SEARCH("Talenlio",F9))),9, OR(ISNUMBER(SEARCH("Innovation",F9)),F9="Mini Project"),10, OR(ISNUMBER(SEARCH("Data Science",F9)),ISNUMBER(SEARCH("DS",F9))),11, ISNUMBER(SEARCH("Generative AI",F9)),12 =_xlfn.IFS( OR(F9="Selenium (Hands-on)",F9="Guest Lecture: HR Interview"),6, OR(F9="Soft Skill",F9="Soft Skill (Examination)",F9="AWS Training",F9="AWS Session"),7, OR(ISNUMBER(SEARCH("MAD",F9)),ISNUMBER(SEARCH("STQA",F9)),F9="CI/CD Session"),8, OR(ISNUMBER(SEARCH("Cloud",F9)),F9="Industry Readiness Program",ISNUMBER(SEARCH("Talenlio",F9))),9, OR(ISNUMBER(SEARCH("Innovation",F9)),F9="Mini Project"),10, OR(ISNUMBER(SEARCH("Data Science",F9)),ISNUMBER(SEARCH("DS",F9))),11, ISNUMBER(SEARCH("Generative AI",F9)),12 ))))} -> 8 | X9: 1 | Y9: 2 | Z9: Afternoon
A10: 46190 | B10: Wednesday | C10: 1 | D10: 0.38541667 | E10: 0.42708333 | F10: Soft Skill | G10: SD | H10: III | I10: MCA | J10: A | K10: Seminar Hall | L10: 103 | M10: =RANDBETWEEN(40,103) -> 97 | N10: =IF(OR(L10="",M10=""),"",M10/L10*100) -> 94.174757 | O10: {=IFERROR(LOOKUP(2, 1/((F$1:F9=F10)*(J$1:J9=J10)*(ROW(F$1:F9)<ROW(F10))), N$1:N9), "")} -> 65.048544 | P10: =IF(C10=1, 0, IF(AND(A10=A9, J10=J9), ROUND(MAX(0, (D10-E9)*24), 2), 0)) -> 0 | Q10: Theory | R10: No | S10: =IF(OR(ISNUMBER(SEARCH("Guest", F10)), ISNUMBER(SEARCH("Hands-on", F10)), ISNUMBER(SEARCH("Project", F10)), B10="Friday"), "Yes", "No") -> No | T10: No | U10: =IF(MONTH(A10)=6, IF(DAY(A10)<20, "Sunny", "Cloudy"), IF(OR(MONTH(A10)=7, MONTH(A10)=8), "Rainy", "Sunny")) -> Sunny | V10: No | W10: {=_xlfn.IFS( OR(F10="Selenium (Hands-on)",F10="Guest Lecture: HR Interview"),6, OR(F10="Soft Skill",F10="Soft Skill (Examination)",F10="AWS Training",F10="AWS Session"),7, OR(ISNUMBER(SEARCH("MAD",F10)),ISNUMBER(SEARCH("STQA",F10)),F10="CI/CD Session"),8, OR(ISNUMBER(SEARCH("Cloud",F10)),F10="Industry Readiness Program",ISNUMBER(SEARCH("Talenlio",F10))),9, OR(ISNUMBER(SEARCH("Innovation",F10)),F10="Mini Project"),10, OR(ISNUMBER(SEARCH("Data Science",F10)),ISNUMBER(SEARCH("DS",F10))),11, ISNUMBER(SEARCH("Generative AI",F10)),12 =_xlfn.IFS( OR(F10="Selenium (Hands-on)",F10="Guest Lecture: HR Interview"),6, OR(F10="Soft Skill",F10="Soft Skill (Examination)",F10="AWS Training",F10="AWS Session"),7, OR(ISNUMBER(SEARCH("MAD",F10)),ISNUMBER(SEARCH("STQA",F10)),F10="CI/CD Session"),8, OR(ISNUMBER(SEARCH("Cloud",F10)),F10="Industry Readiness Program",ISNUMBER(SEARCH("Talenlio",F10))),9, OR(ISNUMBER(SEARCH("Innovation",F10)),F10="Mini Project"),10, OR(ISNUMBER(SEARCH("Data Science",F10)),ISNUMBER(SEARCH("DS",F10))),11, ISNUMBER(SEARCH("Generative AI",F10)),12 =_xlfn.IFS( OR(F10="Selenium (Hands-on)",F10="Guest Lecture: HR Interview"),6, OR(F10="Soft Skill",F10="Soft Skill (Examination)",F10="AWS Training",F10="AWS Session"),7, OR(ISNUMBER(SEARCH("MAD",F10)),ISNUMBER(SEARCH("STQA",F10)),F10="CI/CD Session"),8, OR(ISNUMBER(SEARCH("Cloud",F10)),F10="Industry Readiness Program",ISNUMBER(SEARCH("Talenlio",F10))),9, OR(ISNUMBER(SEARCH("Innovation",F10)),F10="Mini Project"),10, OR(ISNUMBER(SEARCH("Data Science",F10)),ISNUMBER(SEARCH("DS",F10))),11, ISNUMBER(SEARCH("Generative AI",F10)),12 =_xlfn.IFS( OR(F10="Selenium (Hands-on)",F10="Guest Lecture: HR Interview"),6, OR(F10="Soft Skill",F10="Soft Skill (Examination)",F10="AWS Training",F10="AWS Session"),7, OR(ISNUMBER(SEARCH("MAD",F10)),ISNUMBER(SEARCH("STQA",F10)),F10="CI/CD Session"),8, OR(ISNUMBER(SEARCH("Cloud",F10)),F10="Industry Readiness Program",ISNUMBER(SEARCH("Talenlio",F10))),9, OR(ISNUMBER(SEARCH("Innovation",F10)),F10="Mini Project"),10, OR(ISNUMBER(SEARCH("Data Science",F10)),ISNUMBER(SEARCH("DS",F10))),11, ISNUMBER(SEARCH("Generative AI",F10)),12 ))))} -> 7 | X10: 1 | Y10: 3 | Z10: Morning
A11: 46190 | B11: Wednesday | C11: 2 | D11: 0.42708333 | E11: 0.46875 | F11: Soft Skill | G11: SD | H11: III | I11: MCA | J11: A | K11: Seminar Hall | L11: 103 | M11: =RANDBETWEEN(40,103) -> 49 | N11: =IF(OR(L11="",M11=""),"",M11/L11*100) -> 47.572816 | O11: {=IFERROR(LOOKUP(2, 1/((F$1:F10=F11)*(J$1:J10=J11)*(ROW(F$1:F10)<ROW(F11))), N$1:N10), "")} -> 94.174757 | P11: =IF(C11=1, 0, IF(AND(A11=A10, J11=J10), ROUND(MAX(0, (D11-E10)*24), 2), 0)) -> 0 | Q11: Theory | R11: No | S11: =IF(OR(ISNUMBER(SEARCH("Guest", F11)), ISNUMBER(SEARCH("Hands-on", F11)), ISNUMBER(SEARCH("Project", F11)), B11="Friday"), "Yes", "No") -> No | T11: No | U11: =IF(MONTH(A11)=6, IF(DAY(A11)<20, "Sunny", "Cloudy"), IF(OR(MONTH(A11)=7, MONTH(A11)=8), "Rainy", "Sunny")) -> Sunny | V11: No | W11: {=_xlfn.IFS( OR(F11="Selenium (Hands-on)",F11="Guest Lecture: HR Interview"),6, OR(F11="Soft Skill",F11="Soft Skill (Examination)",F11="AWS Training",F11="AWS Session"),7, OR(ISNUMBER(SEARCH("MAD",F11)),ISNUMBER(SEARCH("STQA",F11)),F11="CI/CD Session"),8, OR(ISNUMBER(SEARCH("Cloud",F11)),F11="Industry Readiness Program",ISNUMBER(SEARCH("Talenlio",F11))),9, OR(ISNUMBER(SEARCH("Innovation",F11)),F11="Mini Project"),10, OR(ISNUMBER(SEARCH("Data Science",F11)),ISNUMBER(SEARCH("DS",F11))),11, ISNUMBER(SEARCH("Generative AI",F11)),12 =_xlfn.IFS( OR(F11="Selenium (Hands-on)",F11="Guest Lecture: HR Interview"),6, OR(F11="Soft Skill",F11="Soft Skill (Examination)",F11="AWS Training",F11="AWS Session"),7, OR(ISNUMBER(SEARCH("MAD",F11)),ISNUMBER(SEARCH("STQA",F11)),F11="CI/CD Session"),8, OR(ISNUMBER(SEARCH("Cloud",F11)),F11="Industry Readiness Program",ISNUMBER(SEARCH("Talenlio",F11))),9, OR(ISNUMBER(SEARCH("Innovation",F11)),F11="Mini Project"),10, OR(ISNUMBER(SEARCH("Data Science",F11)),ISNUMBER(SEARCH("DS",F11))),11, ISNUMBER(SEARCH("Generative AI",F11)),12 =_xlfn.IFS( OR(F11="Selenium (Hands-on)",F11="Guest Lecture: HR Interview"),6, OR(F11="Soft Skill",F11="Soft Skill (Examination)",F11="AWS Training",F11="AWS Session"),7, OR(ISNUMBER(SEARCH("MAD",F11)),ISNUMBER(SEARCH("STQA",F11)),F11="CI/CD Session"),8, OR(ISNUMBER(SEARCH("Cloud",F11)),F11="Industry Readiness Program",ISNUMBER(SEARCH("Talenlio",F11))),9, OR(ISNUMBER(SEARCH("Innovation",F11)),F11="Mini Project"),10, OR(ISNUMBER(SEARCH("Data Science",F11)),ISNUMBER(SEARCH("DS",F11))),11, ISNUMBER(SEARCH("Generative AI",F11)),12 =_xlfn.IFS( OR(F11="Selenium (Hands-on)",F11="Guest Lecture: HR Interview"),6, OR(F11="Soft Skill",F11="Soft Skill (Examination)",F11="AWS Training",F11="AWS Session"),7, OR(ISNUMBER(SEARCH("MAD",F11)),ISNUMBER(SEARCH("STQA",F11)),F11="CI/CD Session"),8, OR(ISNUMBER(SEARCH("Cloud",F11)),F11="Industry Readiness Program",ISNUMBER(SEARCH("Talenlio",F11))),9, OR(ISNUMBER(SEARCH("Innovation",F11)),F11="Mini Project"),10, OR(ISNUMBER(SEARCH("Data Science",F11)),ISNUMBER(SEARCH("DS",F11))),11, ISNUMBER(SEARCH("Generative AI",F11)),12 ))))} -> 7 | X11: 1 | Y11: 3 | Z11: Morning
A12: 46190 | B12: Wednesday | C12: 3 | D12: 0.5625 | E12: 0.60416667 | F12: CI/CD Session | G12: DB | H12: III | I12: MCA | J12: A | K12: Lab | L12: 103 | M12: =RANDBETWEEN(40,103) -> 78 | N12: =IF(OR(L12="",M12=""),"",M12/L12*100) -> 75.728155 | O12: {=IFERROR(LOOKUP(2, 1/((F$1:F11=F12)*(J$1:J11=J12)*(ROW(F$1:F11)<ROW(F12))), N$1:N11), "")} -> 98.058252 | P12: =IF(C12=1, 0, IF(AND(A12=A11, J12=J11), ROUND(MAX(0, (D12-E11)*24), 2), 0)) -> 2.25 | Q12: Practical | R12: No | S12: =IF(OR(ISNUMBER(SEARCH("Guest", F12)), ISNUMBER(SEARCH("Hands-on", F12)), ISNUMBER(SEARCH("Project", F12)), B12="Friday"), "Yes", "No") -> No | T12: No | U12: =IF(MONTH(A12)=6, IF(DAY(A12)<20, "Sunny", "Cloudy"), IF(OR(MONTH(A12)=7, MONTH(A12)=8), "Rainy", "Sunny")) -> Sunny | V12: No | W12: {=_xlfn.IFS( OR(F12="Selenium (Hands-on)",F12="Guest Lecture: HR Interview"),6, OR(F12="Soft Skill",F12="Soft Skill (Examination)",F12="AWS Training",F12="AWS Session"),7, OR(ISNUMBER(SEARCH("MAD",F12)),ISNUMBER(SEARCH("STQA",F12)),F12="CI/CD Session"),8, OR(ISNUMBER(SEARCH("Cloud",F12)),F12="Industry Readiness Program",ISNUMBER(SEARCH("Talenlio",F12))),9, OR(ISNUMBER(SEARCH("Innovation",F12)),F12="Mini Project"),10, OR(ISNUMBER(SEARCH("Data Science",F12)),ISNUMBER(SEARCH("DS",F12))),11, ISNUMBER(SEARCH("Generative AI",F12)),12 =_xlfn.IFS( OR(F12="Selenium (Hands-on)",F12="Guest Lecture: HR Interview"),6, OR(F12="Soft Skill",F12="Soft Skill (Examination)",F12="AWS Training",F12="AWS Session"),7, OR(ISNUMBER(SEARCH("MAD",F12)),ISNUMBER(SEARCH("STQA",F12)),F12="CI/CD Session"),8, OR(ISNUMBER(SEARCH("Cloud",F12)),F12="Industry Readiness Program",ISNUMBER(SEARCH("Talenlio",F12))),9, OR(ISNUMBER(SEARCH("Innovation",F12)),F12="Mini Project"),10, OR(ISNUMBER(SEARCH("Data Science",F12)),ISNUMBER(SEARCH("DS",F12))),11, ISNUMBER(SEARCH("Generative AI",F12)),12 =_xlfn.IFS( OR(F12="Selenium (Hands-on)",F12="Guest Lecture: HR Interview"),6, OR(F12="Soft Skill",F12="Soft Skill (Examination)",F12="AWS Training",F12="AWS Session"),7, OR(ISNUMBER(SEARCH("MAD",F12)),ISNUMBER(SEARCH("STQA",F12)),F12="CI/CD Session"),8, OR(ISNUMBER(SEARCH("Cloud",F12)),F12="Industry Readiness Program",ISNUMBER(SEARCH("Talenlio",F12))),9, OR(ISNUMBER(SEARCH("Innovation",F12)),F12="Mini Project"),10, OR(ISNUMBER(SEARCH("Data Science",F12)),ISNUMBER(SEARCH("DS",F12))),11, ISNUMBER(SEARCH("Generative AI",F12)),12 =_xlfn.IFS( OR(F12="Selenium (Hands-on)",F12="Guest Lecture: HR Interview"),6, OR(F12="Soft Skill",F12="Soft Skill (Examination)",F12="AWS Training",F12="AWS Session"),7, OR(ISNUMBER(SEARCH("MAD",F12)),ISNUMBER(SEARCH("STQA",F12)),F12="CI/CD Session"),8, OR(ISNUMBER(SEARCH("Cloud",F12)),F12="Industry Readiness Program",ISNUMBER(SEARCH("Talenlio",F12))),9, OR(ISNUMBER(SEARCH("Innovation",F12)),F12="Mini Project"),10, OR(ISNUMBER(SEARCH("Data Science",F12)),ISNUMBER(SEARCH("DS",F12))),11, ISNUMBER(SEARCH("Generative AI",F12)),12 ))))} -> 8 | X12: 1 | Y12: 3 | Z12: Afternoon
A13: 46190 | B13: Wednesday | C13: 4 | D13: 0.60416667 | E13: 0.64583333 | F13: CI/CD Session | G13: DB | H13: III | I13: MCA | J13: A | K13: Lab | L13: 103 | M13: =RANDBETWEEN(40,103) -> 44 | N13: =IF(OR(L13="",M13=""),"",M13/L13*100) -> 42.718447 | O13: {=IFERROR(LOOKUP(2, 1/((F$1:F12=F13)*(J$1:J12=J13)*(ROW(F$1:F12)<ROW(F13))), N$1:N12), "")} -> 75.728155 | P13: =IF(C13=1, 0, IF(AND(A13=A12, J13=J12), ROUND(MAX(0, (D13-E12)*24), 2), 0)) -> 0 | Q13: Practical | R13: No | S13: =IF(OR(ISNUMBER(SEARCH("Guest", F13)), ISNUMBER(SEARCH("Hands-on", F13)), ISNUMBER(SEARCH("Project", F13)), B13="Friday"), "Yes", "No") -> No | T13: No | U13: =IF(MONTH(A13)=6, IF(DAY(A13)<20, "Sunny", "Cloudy"), IF(OR(MONTH(A13)=7, MONTH(A13)=8), "Rainy", "Sunny")) -> Sunny | V13: No | W13: {=_xlfn.IFS( OR(F13="Selenium (Hands-on)",F13="Guest Lecture: HR Interview"),6, OR(F13="Soft Skill",F13="Soft Skill (Examination)",F13="AWS Training",F13="AWS Session"),7, OR(ISNUMBER(SEARCH("MAD",F13)),ISNUMBER(SEARCH("STQA",F13)),F13="CI/CD Session"),8, OR(ISNUMBER(SEARCH("Cloud",F13)),F13="Industry Readiness Program",ISNUMBER(SEARCH("Talenlio",F13))),9, OR(ISNUMBER(SEARCH("Innovation",F13)),F13="Mini Project"),10, OR(ISNUMBER(SEARCH("Data Science",F13)),ISNUMBER(SEARCH("DS",F13))),11, ISNUMBER(SEARCH("Generative AI",F13)),12 =_xlfn.IFS( OR(F13="Selenium (Hands-on)",F13="Guest Lecture: HR Interview"),6, OR(F13="Soft Skill",F13="Soft Skill (Examination)",F13="AWS Training",F13="AWS Session"),7, OR(ISNUMBER(SEARCH("MAD",F13)),ISNUMBER(SEARCH("STQA",F13)),F13="CI/CD Session"),8, OR(ISNUMBER(SEARCH("Cloud",F13)),F13="Industry Readiness Program",ISNUMBER(SEARCH("Talenlio",F13))),9, OR(ISNUMBER(SEARCH("Innovation",F13)),F13="Mini Project"),10, OR(ISNUMBER(SEARCH("Data Science",F13)),ISNUMBER(SEARCH("DS",F13))),11, ISNUMBER(SEARCH("Generative AI",F13)),12 =_xlfn.IFS( OR(F13="Selenium (Hands-on)",F13="Guest Lecture: HR Interview"),6, OR(F13="Soft Skill",F13="Soft Skill (Examination)",F13="AWS Training",F13="AWS Session"),7, OR(ISNUMBER(SEARCH("MAD",F13)),ISNUMBER(SEARCH("STQA",F13)),F13="CI/CD Session"),8, OR(ISNUMBER(SEARCH("Cloud",F13)),F13="Industry Readiness Program",ISNUMBER(SEARCH("Talenlio",F13))),9, OR(ISNUMBER(SEARCH("Innovation",F13)),F13="Mini Project"),10, OR(ISNUMBER(SEARCH("Data Science",F13)),ISNUMBER(SEARCH("DS",F13))),11, ISNUMBER(SEARCH("Generative AI",F13)),12 =_xlfn.IFS( OR(F13="Selenium (Hands-on)",F13="Guest Lecture: HR Interview"),6, OR(F13="Soft Skill",F13="Soft Skill (Examination)",F13="AWS Training",F13="AWS Session"),7, OR(ISNUMBER(SEARCH("MAD",F13)),ISNUMBER(SEARCH("STQA",F13)),F13="CI/CD Session"),8, OR(ISNUMBER(SEARCH("Cloud",F13)),F13="Industry Readiness Program",ISNUMBER(SEARCH("Talenlio",F13))),9, OR(ISNUMBER(SEARCH("Innovation",F13)),F13="Mini Project"),10, OR(ISNUMBER(SEARCH("Data Science",F13)),ISNUMBER(SEARCH("DS",F13))),11, ISNUMBER(SEARCH("Generative AI",F13)),12 ))))} -> 8 | X13: 1 | Y13: 3 | Z13: Afternoon
A14: 46191 | B14: Thursday | C14: 1 | D14: 0.38541667 | E14: 0.42708333 | F14: Soft Skill | G14: SD | H14: III | I14: MCA | J14: A | K14: Seminar Hall | L14: 103 | M14: =RANDBETWEEN(40,103) -> 41 | N14: =IF(OR(L14="",M14=""),"",M14/L14*100) -> 39.805825 | O14: {=IFERROR(LOOKUP(2, 1/((F$1:F13=F14)*(J$1:J13=J14)*(ROW(F$1:F13)<ROW(F14))), N$1:N13), "")} -> 47.572816 | P14: =IF(C14=1, 0, IF(AND(A14=A13, J14=J13), ROUND(MAX(0, (D14-E13)*24), 2), 0)) -> 0 | Q14: Theory | R14: No | S14: =IF(OR(ISNUMBER(SEARCH("Guest", F14)), ISNUMBER(SEARCH("Hands-on", F14)), ISNUMBER(SEARCH("Project", F14)), B14="Friday"), "Yes", "No") -> No | T14: No | U14: =IF(MONTH(A14)=6, IF(DAY(A14)<20, "Sunny", "Cloudy"), IF(OR(MONTH(A14)=7, MONTH(A14)=8), "Rainy", "Sunny")) -> Sunny | V14: No | W14: {=_xlfn.IFS( OR(F14="Selenium (Hands-on)",F14="Guest Lecture: HR Interview"),6, OR(F14="Soft Skill",F14="Soft Skill (Examination)",F14="AWS Training",F14="AWS Session"),7, OR(ISNUMBER(SEARCH("MAD",F14)),ISNUMBER(SEARCH("STQA",F14)),F14="CI/CD Session"),8, OR(ISNUMBER(SEARCH("Cloud",F14)),F14="Industry Readiness Program",ISNUMBER(SEARCH("Talenlio",F14))),9, OR(ISNUMBER(SEARCH("Innovation",F14)),F14="Mini Project"),10, OR(ISNUMBER(SEARCH("Data Science",F14)),ISNUMBER(SEARCH("DS",F14))),11, ISNUMBER(SEARCH("Generative AI",F14)),12 =_xlfn.IFS( OR(F14="Selenium (Hands-on)",F14="Guest Lecture: HR Interview"),6, OR(F14="Soft Skill",F14="Soft Skill (Examination)",F14="AWS Training",F14="AWS Session"),7, OR(ISNUMBER(SEARCH("MAD",F14)),ISNUMBER(SEARCH("STQA",F14)),F14="CI/CD Session"),8, OR(ISNUMBER(SEARCH("Cloud",F14)),F14="Industry Readiness Program",ISNUMBER(SEARCH("Talenlio",F14))),9, OR(ISNUMBER(SEARCH("Innovation",F14)),F14="Mini Project"),10, OR(ISNUMBER(SEARCH("Data Science",F14)),ISNUMBER(SEARCH("DS",F14))),11, ISNUMBER(SEARCH("Generative AI",F14)),12 =_xlfn.IFS( OR(F14="Selenium (Hands-on)",F14="Guest Lecture: HR Interview"),6, OR(F14="Soft Skill",F14="Soft Skill (Examination)",F14="AWS Training",F14="AWS Session"),7, OR(ISNUMBER(SEARCH("MAD",F14)),ISNUMBER(SEARCH("STQA",F14)),F14="CI/CD Session"),8, OR(ISNUMBER(SEARCH("Cloud",F14)),F14="Industry Readiness Program",ISNUMBER(SEARCH("Talenlio",F14))),9, OR(ISNUMBER(SEARCH("Innovation",F14)),F14="Mini Project"),10, OR(ISNUMBER(SEARCH("Data Science",F14)),ISNUMBER(SEARCH("DS",F14))),11, ISNUMBER(SEARCH("Generative AI",F14)),12 =_xlfn.IFS( OR(F14="Selenium (Hands-on)",F14="Guest Lecture: HR Interview"),6, OR(F14="Soft Skill",F14="Soft Skill (Examination)",F14="AWS Training",F14="AWS Session"),7, OR(ISNUMBER(SEARCH("MAD",F14)),ISNUMBER(SEARCH("STQA",F14)),F14="CI/CD Session"),8, OR(ISNUMBER(SEARCH("Cloud",F14)),F14="Industry Readiness Program",ISNUMBER(SEARCH("Talenlio",F14))),9, OR(ISNUMBER(SEARCH("Innovation",F14)),F14="Mini Project"),10, OR(ISNUMBER(SEARCH("Data Science",F14)),ISNUMBER(SEARCH("DS",F14))),11, ISNUMBER(SEARCH("Generative AI",F14)),12 ))))} -> 7 | X14: 1 | Y14: 4 | Z14: Morning
A15: 46191 | B15: Thursday | C15: 2 | D15: 0.42708333 | E15: 0.46875 | F15: Soft Skill | G15: SD | H15: III | I15: MCA | J15: A | K15: Seminar Hall | L15: 103 | M15: =RANDBETWEEN(40,103) -> 69 | N15: =IF(OR(L15="",M15=""),"",M15/L15*100) -> 66.990291 | O15: {=IFERROR(LOOKUP(2, 1/((F$1:F14=F15)*(J$1:J14=J15)*(ROW(F$1:F14)<ROW(F15))), N$1:N14), "")} -> 39.805825 | P15: =IF(C15=1, 0, IF(AND(A15=A14, J15=J14), ROUND(MAX(0, (D15-E14)*24), 2), 0)) -> 0 | Q15: Theory | R15: No | S15: =IF(OR(ISNUMBER(SEARCH("Guest", F15)), ISNUMBER(SEARCH("Hands-on", F15)), ISNUMBER(SEARCH("Project", F15)), B15="Friday"), "Yes", "No") -> No | T15: No | U15: =IF(MONTH(A15)=6, IF(DAY(A15)<20, "Sunny", "Cloudy"), IF(OR(MONTH(A15)=7, MONTH(A15)=8), "Rainy", "Sunny")) -> Sunny | V15: No | W15: {=_xlfn.IFS( OR(F15="Selenium (Hands-on)",F15="Guest Lecture: HR Interview"),6, OR(F15="Soft Skill",F15="Soft Skill (Examination)",F15="AWS Training",F15="AWS Session"),7, OR(ISNUMBER(SEARCH("MAD",F15)),ISNUMBER(SEARCH("STQA",F15)),F15="CI/CD Session"),8, OR(ISNUMBER(SEARCH("Cloud",F15)),F15="Industry Readiness Program",ISNUMBER(SEARCH("Talenlio",F15))),9, OR(ISNUMBER(SEARCH("Innovation",F15)),F15="Mini Project"),10, OR(ISNUMBER(SEARCH("Data Science",F15)),ISNUMBER(SEARCH("DS",F15))),11, ISNUMBER(SEARCH("Generative AI",F15)),12 =_xlfn.IFS( OR(F15="Selenium (Hands-on)",F15="Guest Lecture: HR Interview"),6, OR(F15="Soft Skill",F15="Soft Skill (Examination)",F15="AWS Training",F15="AWS Session"),7, OR(ISNUMBER(SEARCH("MAD",F15)),ISNUMBER(SEARCH("STQA",F15)),F15="CI/CD Session"),8, OR(ISNUMBER(SEARCH("Cloud",F15)),F15="Industry Readiness Program",ISNUMBER(SEARCH("Talenlio",F15))),9, OR(ISNUMBER(SEARCH("Innovation",F15)),F15="Mini Project"),10, OR(ISNUMBER(SEARCH("Data Science",F15)),ISNUMBER(SEARCH("DS",F15))),11, ISNUMBER(SEARCH("Generative AI",F15)),12 =_xlfn.IFS( OR(F15="Selenium (Hands-on)",F15="Guest Lecture: HR Interview"),6, OR(F15="Soft Skill",F15="Soft Skill (Examination)",F15="AWS Training",F15="AWS Session"),7, OR(ISNUMBER(SEARCH("MAD",F15)),ISNUMBER(SEARCH("STQA",F15)),F15="CI/CD Session"),8, OR(ISNUMBER(SEARCH("Cloud",F15)),F15="Industry Readiness Program",ISNUMBER(SEARCH("Talenlio",F15))),9, OR(ISNUMBER(SEARCH("Innovation",F15)),F15="Mini Project"),10, OR(ISNUMBER(SEARCH("Data Science",F15)),ISNUMBER(SEARCH("DS",F15))),11, ISNUMBER(SEARCH("Generative AI",F15)),12 =_xlfn.IFS( OR(F15="Selenium (Hands-on)",F15="Guest Lecture: HR Interview"),6, OR(F15="Soft Skill",F15="Soft Skill (Examination)",F15="AWS Training",F15="AWS Session"),7, OR(ISNUMBER(SEARCH("MAD",F15)),ISNUMBER(SEARCH("STQA",F15)),F15="CI/CD Session"),8, OR(ISNUMBER(SEARCH("Cloud",F15)),F15="Industry Readiness Program",ISNUMBER(SEARCH("Talenlio",F15))),9, OR(ISNUMBER(SEARCH("Innovation",F15)),F15="Mini Project"),10, OR(ISNUMBER(SEARCH("Data Science",F15)),ISNUMBER(SEARCH("DS",F15))),11, ISNUMBER(SEARCH("Generative AI",F15)),12 ))))} -> 7 | X15: 1 | Y15: 4 | Z15: Morning
A16: 46191 | B16: Thursday | C16: 3 | D16: 0.5625 | E16: 0.60416667 | F16: CI/CD Session | G16: DB | H16: III | I16: MCA | J16: A | K16: Lab | L16: 103 | M16: =RANDBETWEEN(40,103) -> 80 | N16: =IF(OR(L16="",M16=""),"",M16/L16*100) -> 77.669903 | O16: {=IFERROR(LOOKUP(2, 1/((F$1:F15=F16)*(J$1:J15=J16)*(ROW(F$1:F15)<ROW(F16))), N$1:N15), "")} -> 42.718447 | P16: =IF(C16=1, 0, IF(AND(A16=A15, J16=J15), ROUND(MAX(0, (D16-E15)*24), 2), 0)) -> 2.25 | Q16: Practical | R16: No | S16: =IF(OR(ISNUMBER(SEARCH("Guest", F16)), ISNUMBER(SEARCH("Hands-on", F16)), ISNUMBER(SEARCH("Project", F16)), B16="Friday"), "Yes", "No") -> No | T16: No | U16: =IF(MONTH(A16)=6, IF(DAY(A16)<20, "Sunny", "Cloudy"), IF(OR(MONTH(A16)=7, MONTH(A16)=8), "Rainy", "Sunny")) -> Sunny | V16: No | W16: {=_xlfn.IFS( OR(F16="Selenium (Hands-on)",F16="Guest Lecture: HR Interview"),6, OR(F16="Soft Skill",F16="Soft Skill (Examination)",F16="AWS Training",F16="AWS Session"),7, OR(ISNUMBER(SEARCH("MAD",F16)),ISNUMBER(SEARCH("STQA",F16)),F16="CI/CD Session"),8, OR(ISNUMBER(SEARCH("Cloud",F16)),F16="Industry Readiness Program",ISNUMBER(SEARCH("Talenlio",F16))),9, OR(ISNUMBER(SEARCH("Innovation",F16)),F16="Mini Project"),10, OR(ISNUMBER(SEARCH("Data Science",F16)),ISNUMBER(SEARCH("DS",F16))),11, ISNUMBER(SEARCH("Generative AI",F16)),12 =_xlfn.IFS( OR(F16="Selenium (Hands-on)",F16="Guest Lecture: HR Interview"),6, OR(F16="Soft Skill",F16="Soft Skill (Examination)",F16="AWS Training",F16="AWS Session"),7, OR(ISNUMBER(SEARCH("MAD",F16)),ISNUMBER(SEARCH("STQA",F16)),F16="CI/CD Session"),8, OR(ISNUMBER(SEARCH("Cloud",F16)),F16="Industry Readiness Program",ISNUMBER(SEARCH("Talenlio",F16))),9, OR(ISNUMBER(SEARCH("Innovation",F16)),F16="Mini Project"),10, OR(ISNUMBER(SEARCH("Data Science",F16)),ISNUMBER(SEARCH("DS",F16))),11, ISNUMBER(SEARCH("Generative AI",F16)),12 =_xlfn.IFS( OR(F16="Selenium (Hands-on)",F16="Guest Lecture: HR Interview"),6, OR(F16="Soft Skill",F16="Soft Skill (Examination)",F16="AWS Training",F16="AWS Session"),7, OR(ISNUMBER(SEARCH("MAD",F16)),ISNUMBER(SEARCH("STQA",F16)),F16="CI/CD Session"),8, OR(ISNUMBER(SEARCH("Cloud",F16)),F16="Industry Readiness Program",ISNUMBER(SEARCH("Talenlio",F16))),9, OR(ISNUMBER(SEARCH("Innovation",F16)),F16="Mini Project"),10, OR(ISNUMBER(SEARCH("Data Science",F16)),ISNUMBER(SEARCH("DS",F16))),11, ISNUMBER(SEARCH("Generative AI",F16)),12 =_xlfn.IFS( OR(F16="Selenium (Hands-on)",F16="Guest Lecture: HR Interview"),6, OR(F16="Soft Skill",F16="Soft Skill (Examination)",F16="AWS Training",F16="AWS Session"),7, OR(ISNUMBER(SEARCH("MAD",F16)),ISNUMBER(SEARCH("STQA",F16)),F16="CI/CD Session"),8, OR(ISNUMBER(SEARCH("Cloud",F16)),F16="Industry Readiness Program",ISNUMBER(SEARCH("Talenlio",F16))),9, OR(ISNUMBER(SEARCH("Innovation",F16)),F16="Mini Project"),10, OR(ISNUMBER(SEARCH("Data Science",F16)),ISNUMBER(SEARCH("DS",F16))),11, ISNUMBER(SEARCH("Generative AI",F16)),12 ))))} -> 8 | X16: 1 | Y16: 4 | Z16: Afternoon
A17: 46191 | B17: Thursday | C17: 4 | D17: 0.60416667 | E17: 0.64583333 | F17: CI/CD Session | G17: DB | H17: III | I17: MCA | J17: A | K17: Lab | L17: 103 | M17: =RANDBETWEEN(40,103) -> 69 | N17: =IF(OR(L17="",M17=""),"",M17/L17*100) -> 66.990291 | O17: {=IFERROR(LOOKUP(2, 1/((F$1:F16=F17)*(J$1:J16=J17)*(ROW(F$1:F16)<ROW(F17))), N$1:N16), "")} -> 77.669903 | P17: =IF(C17=1, 0, IF(AND(A17=A16, J17=J16), ROUND(MAX(0, (D17-E16)*24), 2), 0)) -> 0 | Q17: Practical | R17: No | S17: =IF(OR(ISNUMBER(SEARCH("Guest", F17)), ISNUMBER(SEARCH("Hands-on", F17)), ISNUMBER(SEARCH("Project", F17)), B17="Friday"), "Yes", "No") -> No | T17: No | U17: =IF(MONTH(A17)=6, IF(DAY(A17)<20, "Sunny", "Cloudy"), IF(OR(MONTH(A17)=7, MONTH(A17)=8), "Rainy", "Sunny")) -> Sunny | V17: No | W17: {=_xlfn.IFS( OR(F17="Selenium (Hands-on)",F17="Guest Lecture: HR Interview"),6, OR(F17="Soft Skill",F17="Soft Skill (Examination)",F17="AWS Training",F17="AWS Session"),7, OR(ISNUMBER(SEARCH("MAD",F17)),ISNUMBER(SEARCH("STQA",F17)),F17="CI/CD Session"),8, OR(ISNUMBER(SEARCH("Cloud",F17)),F17="Industry Readiness Program",ISNUMBER(SEARCH("Talenlio",F17))),9, OR(ISNUMBER(SEARCH("Innovation",F17)),F17="Mini Project"),10, OR(ISNUMBER(SEARCH("Data Science",F17)),ISNUMBER(SEARCH("DS",F17))),11, ISNUMBER(SEARCH("Generative AI",F17)),12 =_xlfn.IFS( OR(F17="Selenium (Hands-on)",F17="Guest Lecture: HR Interview"),6, OR(F17="Soft Skill",F17="Soft Skill (Examination)",F17="AWS Training",F17="AWS Session"),7, OR(ISNUMBER(SEARCH("MAD",F17)),ISNUMBER(SEARCH("STQA",F17)),F17="CI/CD Session"),8, OR(ISNUMBER(SEARCH("Cloud",F17)),F17="Industry Readiness Program",ISNUMBER(SEARCH("Talenlio",F17))),9, OR(ISNUMBER(SEARCH("Innovation",F17)),F17="Mini Project"),10, OR(ISNUMBER(SEARCH("Data Science",F17)),ISNUMBER(SEARCH("DS",F17))),11, ISNUMBER(SEARCH("Generative AI",F17)),12 =_xlfn.IFS( OR(F17="Selenium (Hands-on)",F17="Guest Lecture: HR Interview"),6, OR(F17="Soft Skill",F17="Soft Skill (Examination)",F17="AWS Training",F17="AWS Session"),7, OR(ISNUMBER(SEARCH("MAD",F17)),ISNUMBER(SEARCH("STQA",F17)),F17="CI/CD Session"),8, OR(ISNUMBER(SEARCH("Cloud",F17)),F17="Industry Readiness Program",ISNUMBER(SEARCH("Talenlio",F17))),9, OR(ISNUMBER(SEARCH("Innovation",F17)),F17="Mini Project"),10, OR(ISNUMBER(SEARCH("Data Science",F17)),ISNUMBER(SEARCH("DS",F17))),11, ISNUMBER(SEARCH("Generative AI",F17)),12 =_xlfn.IFS( OR(F17="Selenium (Hands-on)",F17="Guest Lecture: HR Interview"),6, OR(F17="Soft Skill",F17="Soft Skill (Examination)",F17="AWS Training",F17="AWS Session"),7, OR(ISNUMBER(SEARCH("MAD",F17)),ISNUMBER(SEARCH("STQA",F17)),F17="CI/CD Session"),8, OR(ISNUMBER(SEARCH("Cloud",F17)),F17="Industry Readiness Program",ISNUMBER(SEARCH("Talenlio",F17))),9, OR(ISNUMBER(SEARCH("Innovation",F17)),F17="Mini Project"),10, OR(ISNUMBER(SEARCH("Data Science",F17)),ISNUMBER(SEARCH("DS",F17))),11, ISNUMBER(SEARCH("Generative AI",F17)),12 ))))} -> 8 | X17: 1 | Y17: 4 | Z17: Afternoon
A18: 46192 | B18: Friday | C18: 1 | D18: 0.38541667 | E18: 0.42708333 | F18: Soft Skill | G18: SD | H18: III | I18: MCA | J18: A | K18: Seminar Hall | L18: 103 | M18: =RANDBETWEEN(40,103) -> 97 | N18: =IF(OR(L18="",M18=""),"",M18/L18*100) -> 94.174757 | O18: {=IFERROR(LOOKUP(2, 1/((F$1:F17=F18)*(J$1:J17=J18)*(ROW(F$1:F17)<ROW(F18))), N$1:N17), "")} -> 66.990291 | P18: =IF(C18=1, 0, IF(AND(A18=A17, J18=J17), ROUND(MAX(0, (D18-E17)*24), 2), 0)) -> 0 | Q18: Theory | R18: No | S18: =IF(OR(ISNUMBER(SEARCH("Guest", F18)), ISNUMBER(SEARCH("Hands-on", F18)), ISNUMBER(SEARCH("Project", F18)), B18="Friday"), "Yes", "No") -> Yes | T18: No | U18: =IF(MONTH(A18)=6, IF(DAY(A18)<20, "Sunny", "Cloudy"), IF(OR(MONTH(A18)=7, MONTH(A18)=8), "Rainy", "Sunny")) -> Sunny | V18: No | W18: {=_xlfn.IFS( OR(F18="Selenium (Hands-on)",F18="Guest Lecture: HR Interview"),6, OR(F18="Soft Skill",F18="Soft Skill (Examination)",F18="AWS Training",F18="AWS Session"),7, OR(ISNUMBER(SEARCH("MAD",F18)),ISNUMBER(SEARCH("STQA",F18)),F18="CI/CD Session"),8, OR(ISNUMBER(SEARCH("Cloud",F18)),F18="Industry Readiness Program",ISNUMBER(SEARCH("Talenlio",F18))),9, OR(ISNUMBER(SEARCH("Innovation",F18)),F18="Mini Project"),10, OR(ISNUMBER(SEARCH("Data Science",F18)),ISNUMBER(SEARCH("DS",F18))),11, ISNUMBER(SEARCH("Generative AI",F18)),12 =_xlfn.IFS( OR(F18="Selenium (Hands-on)",F18="Guest Lecture: HR Interview"),6, OR(F18="Soft Skill",F18="Soft Skill (Examination)",F18="AWS Training",F18="AWS Session"),7, OR(ISNUMBER(SEARCH("MAD",F18)),ISNUMBER(SEARCH("STQA",F18)),F18="CI/CD Session"),8, OR(ISNUMBER(SEARCH("Cloud",F18)),F18="Industry Readiness Program",ISNUMBER(SEARCH("Talenlio",F18))),9, OR(ISNUMBER(SEARCH("Innovation",F18)),F18="Mini Project"),10, OR(ISNUMBER(SEARCH("Data Science",F18)),ISNUMBER(SEARCH("DS",F18))),11, ISNUMBER(SEARCH("Generative AI",F18)),12 =_xlfn.IFS( OR(F18="Selenium (Hands-on)",F18="Guest Lecture: HR Interview"),6, OR(F18="Soft Skill",F18="Soft Skill (Examination)",F18="AWS Training",F18="AWS Session"),7, OR(ISNUMBER(SEARCH("MAD",F18)),ISNUMBER(SEARCH("STQA",F18)),F18="CI/CD Session"),8, OR(ISNUMBER(SEARCH("Cloud",F18)),F18="Industry Readiness Program",ISNUMBER(SEARCH("Talenlio",F18))),9, OR(ISNUMBER(SEARCH("Innovation",F18)),F18="Mini Project"),10, OR(ISNUMBER(SEARCH("Data Science",F18)),ISNUMBER(SEARCH("DS",F18))),11, ISNUMBER(SEARCH("Generative AI",F18)),12 =_xlfn.IFS( OR(F18="Selenium (Hands-on)",F18="Guest Lecture: HR Interview"),6, OR(F18="Soft Skill",F18="Soft Skill (Examination)",F18="AWS Training",F18="AWS Session"),7, OR(ISNUMBER(SEARCH("MAD",F18)),ISNUMBER(SEARCH("STQA",F18)),F18="CI/CD Session"),8, OR(ISNUMBER(SEARCH("Cloud",F18)),F18="Industry Readiness Program",ISNUMBER(SEARCH("Talenlio",F18))),9, OR(ISNUMBER(SEARCH("Innovation",F18)),F18="Mini Project"),10, OR(ISNUMBER(SEARCH("Data Science",F18)),ISNUMBER(SEARCH("DS",F18))),11, ISNUMBER(SEARCH("Generative AI",F18)),12 ))))} -> 7 | X18: 1 | Y18: 5 | Z18: Morning
A19: 46192 | B19: Friday | C19: 2 | D19: 0.42708333 | E19: 0.46875 | F19: Soft Skill | G19: SD | H19: III | I19: MCA | J19: A | K19: Seminar Hall | L19: 103 | M19: =RANDBETWEEN(40,103) -> 69 | N19: =IF(OR(L19="",M19=""),"",M19/L19*100) -> 66.990291 | O19: {=IFERROR(LOOKUP(2, 1/((F$1:F18=F19)*(J$1:J18=J19)*(ROW(F$1:F18)<ROW(F19))), N$1:N18), "")} -> 94.174757 | P19: =IF(C19=1, 0, IF(AND(A19=A18, J19=J18), ROUND(MAX(0, (D19-E18)*24), 2), 0)) -> 0 | Q19: Theory | R19: No | S19: =IF(OR(ISNUMBER(SEARCH("Guest", F19)), ISNUMBER(SEARCH("Hands-on", F19)), ISNUMBER(SEARCH("Project", F19)), B19="Friday"), "Yes", "No") -> Yes | T19: No | U19: =IF(MONTH(A19)=6, IF(DAY(A19)<20, "Sunny", "Cloudy"), IF(OR(MONTH(A19)=7, MONTH(A19)=8), "Rainy", "Sunny")) -> Sunny | V19: No | W19: {=_xlfn.IFS( OR(F19="Selenium (Hands-on)",F19="Guest Lecture: HR Interview"),6, OR(F19="Soft Skill",F19="Soft Skill (Examination)",F19="AWS Training",F19="AWS Session"),7, OR(ISNUMBER(SEARCH("MAD",F19)),ISNUMBER(SEARCH("STQA",F19)),F19="CI/CD Session"),8, OR(ISNUMBER(SEARCH("Cloud",F19)),F19="Industry Readiness Program",ISNUMBER(SEARCH("Talenlio",F19))),9, OR(ISNUMBER(SEARCH("Innovation",F19)),F19="Mini Project"),10, OR(ISNUMBER(SEARCH("Data Science",F19)),ISNUMBER(SEARCH("DS",F19))),11, ISNUMBER(SEARCH("Generative AI",F19)),12 =_xlfn.IFS( OR(F19="Selenium (Hands-on)",F19="Guest Lecture: HR Interview"),6, OR(F19="Soft Skill",F19="Soft Skill (Examination)",F19="AWS Training",F19="AWS Session"),7, OR(ISNUMBER(SEARCH("MAD",F19)),ISNUMBER(SEARCH("STQA",F19)),F19="CI/CD Session"),8, OR(ISNUMBER(SEARCH("Cloud",F19)),F19="Industry Readiness Program",ISNUMBER(SEARCH("Talenlio",F19))),9, OR(ISNUMBER(SEARCH("Innovation",F19)),F19="Mini Project"),10, OR(ISNUMBER(SEARCH("Data Science",F19)),ISNUMBER(SEARCH("DS",F19))),11, ISNUMBER(SEARCH("Generative AI",F19)),12 =_xlfn.IFS( OR(F19="Selenium (Hands-on)",F19="Guest Lecture: HR Interview"),6, OR(F19="Soft Skill",F19="Soft Skill (Examination)",F19="AWS Training",F19="AWS Session"),7, OR(ISNUMBER(SEARCH("MAD",F19)),ISNUMBER(SEARCH("STQA",F19)),F19="CI/CD Session"),8, OR(ISNUMBER(SEARCH("Cloud",F19)),F19="Industry Readiness Program",ISNUMBER(SEARCH("Talenlio",F19))),9, OR(ISNUMBER(SEARCH("Innovation",F19)),F19="Mini Project"),10, OR(ISNUMBER(SEARCH("Data Science",F19)),ISNUMBER(SEARCH("DS",F19))),11, ISNUMBER(SEARCH("Generative AI",F19)),12 =_xlfn.IFS( OR(F19="Selenium (Hands-on)",F19="Guest Lecture: HR Interview"),6, OR(F19="Soft Skill",F19="Soft Skill (Examination)",F19="AWS Training",F19="AWS Session"),7, OR(ISNUMBER(SEARCH("MAD",F19)),ISNUMBER(SEARCH("STQA",F19)),F19="CI/CD Session"),8, OR(ISNUMBER(SEARCH("Cloud",F19)),F19="Industry Readiness Program",ISNUMBER(SEARCH("Talenlio",F19))),9, OR(ISNUMBER(SEARCH("Innovation",F19)),F19="Mini Project"),10, OR(ISNUMBER(SEARCH("Data Science",F19)),ISNUMBER(SEARCH("DS",F19))),11, ISNUMBER(SEARCH("Generative AI",F19)),12 ))))} -> 7 | X19: 1 | Y19: 5 | Z19: Morning
A20: 46192 | B20: Friday | C20: 3 | D20: 0.5625 | E20: 0.60416667 | F20: CI/CD Session | G20: DB | H20: III | I20: MCA | J20: A | K20: Lab | L20: 103 | M20: =RANDBETWEEN(40,103) -> 95 | N20: =IF(OR(L20="",M20=""),"",M20/L20*100) -> 92.23301 | O20: {=IFERROR(LOOKUP(2, 1/((F$1:F19=F20)*(J$1:J19=J20)*(ROW(F$1:F19)<ROW(F20))), N$1:N19), "")} -> 66.990291 | P20: =IF(C20=1, 0, IF(AND(A20=A19, J20=J19), ROUND(MAX(0, (D20-E19)*24), 2), 0)) -> 2.25 | Q20: Practical | R20: No | S20: =IF(OR(ISNUMBER(SEARCH("Guest", F20)), ISNUMBER(SEARCH("Hands-on", F20)), ISNUMBER(SEARCH("Project", F20)), B20="Friday"), "Yes", "No") -> Yes | T20: No | U20: =IF(MONTH(A20)=6, IF(DAY(A20)<20, "Sunny", "Cloudy"), IF(OR(MONTH(A20)=7, MONTH(A20)=8), "Rainy", "Sunny")) -> Sunny | V20: No | W20: {=_xlfn.IFS( OR(F20="Selenium (Hands-on)",F20="Guest Lecture: HR Interview"),6, OR(F20="Soft Skill",F20="Soft Skill (Examination)",F20="AWS Training",F20="AWS Session"),7, OR(ISNUMBER(SEARCH("MAD",F20)),ISNUMBER(SEARCH("STQA",F20)),F20="CI/CD Session"),8, OR(ISNUMBER(SEARCH("Cloud",F20)),F20="Industry Readiness Program",ISNUMBER(SEARCH("Talenlio",F20))),9, OR(ISNUMBER(SEARCH("Innovation",F20)),F20="Mini Project"),10, OR(ISNUMBER(SEARCH("Data Science",F20)),ISNUMBER(SEARCH("DS",F20))),11, ISNUMBER(SEARCH("Generative AI",F20)),12 =_xlfn.IFS( OR(F20="Selenium (Hands-on)",F20="Guest Lecture: HR Interview"),6, OR(F20="Soft Skill",F20="Soft Skill (Examination)",F20="AWS Training",F20="AWS Session"),7, OR(ISNUMBER(SEARCH("MAD",F20)),ISNUMBER(SEARCH("STQA",F20)),F20="CI/CD Session"),8, OR(ISNUMBER(SEARCH("Cloud",F20)),F20="Industry Readiness Program",ISNUMBER(SEARCH("Talenlio",F20))),9, OR(ISNUMBER(SEARCH("Innovation",F20)),F20="Mini Project"),10, OR(ISNUMBER(SEARCH("Data Science",F20)),ISNUMBER(SEARCH("DS",F20))),11, ISNUMBER(SEARCH("Generative AI",F20)),12 =_xlfn.IFS( OR(F20="Selenium (Hands-on)",F20="Guest Lecture: HR Interview"),6, OR(F20="Soft Skill",F20="Soft Skill (Examination)",F20="AWS Training",F20="AWS Session"),7, OR(ISNUMBER(SEARCH("MAD",F20)),ISNUMBER(SEARCH("STQA",F20)),F20="CI/CD Session"),8, OR(ISNUMBER(SEARCH("Cloud",F20)),F20="Industry Readiness Program",ISNUMBER(SEARCH("Talenlio",F20))),9, OR(ISNUMBER(SEARCH("Innovation",F20)),F20="Mini Project"),10, OR(ISNUMBER(SEARCH("Data Science",F20)),ISNUMBER(SEARCH("DS",F20))),11, ISNUMBER(SEARCH("Generative AI",F20)),12 =_xlfn.IFS( OR(F20="Selenium (Hands-on)",F20="Guest Lecture: HR Interview"),6, OR(F20="Soft Skill",F20="Soft Skill (Examination)",F20="AWS Training",F20="AWS Session"),7, OR(ISNUMBER(SEARCH("MAD",F20)),ISNUMBER(SEARCH("STQA",F20)),F20="CI/CD Session"),8, OR(ISNUMBER(SEARCH("Cloud",F20)),F20="Industry Readiness Program",ISNUMBER(SEARCH("Talenlio",F20))),9, OR(ISNUMBER(SEARCH("Innovation",F20)),F20="Mini Project"),10, OR(ISNUMBER(SEARCH("Data Science",F20)),ISNUMBER(SEARCH("DS",F20))),11, ISNUMBER(SEARCH("Generative AI",F20)),12 ))))} -> 8 | X20: 1 | Y20: 5 | Z20: Afternoon
A21: 46192 | B21: Friday | C21: 4 | D21: 0.60416667 | E21: 0.64583333 | F21: CI/CD Session | G21: DB | H21: III | I21: MCA | J21: A | K21: Lab | L21: 103 | M21: =RANDBETWEEN(40,103) -> 101 | N21: =IF(OR(L21="",M21=""),"",M21/L21*100) -> 98.058252 | O21: {=IFERROR(LOOKUP(2, 1/((F$1:F20=F21)*(J$1:J20=J21)*(ROW(F$1:F20)<ROW(F21))), N$1:N20), "")} -> 92.23301 | P21: =IF(C21=1, 0, IF(AND(A21=A20, J21=J20), ROUND(MAX(0, (D21-E20)*24), 2), 0)) -> 0 | Q21: Practical | R21: No | S21: =IF(OR(ISNUMBER(SEARCH("Guest", F21)), ISNUMBER(SEARCH("Hands-on", F21)), ISNUMBER(SEARCH("Project", F21)), B21="Friday"), "Yes", "No") -> Yes | T21: No | U21: =IF(MONTH(A21)=6, IF(DAY(A21)<20, "Sunny", "Cloudy"), IF(OR(MONTH(A21)=7, MONTH(A21)=8), "Rainy", "Sunny")) -> Sunny | V21: No | W21: {=_xlfn.IFS( OR(F21="Selenium (Hands-on)",F21="Guest Lecture: HR Interview"),6, OR(F21="Soft Skill",F21="Soft Skill (Examination)",F21="AWS Training",F21="AWS Session"),7, OR(ISNUMBER(SEARCH("MAD",F21)),ISNUMBER(SEARCH("STQA",F21)),F21="CI/CD Session"),8, OR(ISNUMBER(SEARCH("Cloud",F21)),F21="Industry Readiness Program",ISNUMBER(SEARCH("Talenlio",F21))),9, OR(ISNUMBER(SEARCH("Innovation",F21)),F21="Mini Project"),10, OR(ISNUMBER(SEARCH("Data Science",F21)),ISNUMBER(SEARCH("DS",F21))),11, ISNUMBER(SEARCH("Generative AI",F21)),12 =_xlfn.IFS( OR(F21="Selenium (Hands-on)",F21="Guest Lecture: HR Interview"),6, OR(F21="Soft Skill",F21="Soft Skill (Examination)",F21="AWS Training",F21="AWS Session"),7, OR(ISNUMBER(SEARCH("MAD",F21)),ISNUMBER(SEARCH("STQA",F21)),F21="CI/CD Session"),8, OR(ISNUMBER(SEARCH("Cloud",F21)),F21="Industry Readiness Program",ISNUMBER(SEARCH("Talenlio",F21))),9, OR(ISNUMBER(SEARCH("Innovation",F21)),F21="Mini Project"),10, OR(ISNUMBER(SEARCH("Data Science",F21)),ISNUMBER(SEARCH("DS",F21))),11, ISNUMBER(SEARCH("Generative AI",F21)),12 =_xlfn.IFS( OR(F21="Selenium (Hands-on)",F21="Guest Lecture: HR Interview"),6, OR(F21="Soft Skill",F21="Soft Skill (Examination)",F21="AWS Training",F21="AWS Session"),7, OR(ISNUMBER(SEARCH("MAD",F21)),ISNUMBER(SEARCH("STQA",F21)),F21="CI/CD Session"),8, OR(ISNUMBER(SEARCH("Cloud",F21)),F21="Industry Readiness Program",ISNUMBER(SEARCH("Talenlio",F21))),9, OR(ISNUMBER(SEARCH("Innovation",F21)),F21="Mini Project"),10, OR(ISNUMBER(SEARCH("Data Science",F21)),ISNUMBER(SEARCH("DS",F21))),11, ISNUMBER(SEARCH("Generative AI",F21)),12 =_xlfn.IFS( OR(F21="Selenium (Hands-on)",F21="Guest Lecture: HR Interview"),6, OR(F21="Soft Skill",F21="Soft Skill (Examination)",F21="AWS Training",F21="AWS Session"),7, OR(ISNUMBER(SEARCH("MAD",F21)),ISNUMBER(SEARCH("STQA",F21)),F21="CI/CD Session"),8, OR(ISNUMBER(SEARCH("Cloud",F21)),F21="Industry Readiness Program",ISNUMBER(SEARCH("Talenlio",F21))),9, OR(ISNUMBER(SEARCH("Innovation",F21)),F21="Mini Project"),10, OR(ISNUMBER(SEARCH("Data Science",F21)),ISNUMBER(SEARCH("DS",F21))),11, ISNUMBER(SEARCH("Generative AI",F21)),12 ))))} -> 8 | X21: 1 | Y21: 5 | Z21: Afternoon
A22: 46193 | B22: Saturday | C22: 1 | D22: 0.42708333 | E22: 0.60416667 | F22: Soft Skill (Examination) | G22: SD | H22: III | I22: MCA | J22: A | K22: Seminar Hall | L22: 103 | M22: =RANDBETWEEN(40,103) -> 77 | N22: =IF(OR(L22="",M22=""),"",M22/L22*100) -> 74.757282 | O22: 65.32342 | P22: =IF(C22=1, 0, IF(AND(A22=A21, J22=J21), ROUND(MAX(0, (D22-E21)*24), 2), 0)) -> 0 | Q22: Theory | R22: Yes | S22: =IF(OR(ISNUMBER(SEARCH("Guest", F22)), ISNUMBER(SEARCH("Hands-on", F22)), ISNUMBER(SEARCH("Project", F22)), B22="Friday"), "Yes", "No") -> No | T22: Yes | U22: =IF(MONTH(A22)=6, IF(DAY(A22)<20, "Sunny", "Cloudy"), IF(OR(MONTH(A22)=7, MONTH(A22)=8), "Rainy", "Sunny")) -> Cloudy | V22: Examination | W22: {=_xlfn.IFS( OR(F22="Selenium (Hands-on)",F22="Guest Lecture: HR Interview"),6, OR(F22="Soft Skill",F22="Soft Skill (Examination)",F22="AWS Training",F22="AWS Session"),7, OR(ISNUMBER(SEARCH("MAD",F22)),ISNUMBER(SEARCH("STQA",F22)),F22="CI/CD Session"),8, OR(ISNUMBER(SEARCH("Cloud",F22)),F22="Industry Readiness Program",ISNUMBER(SEARCH("Talenlio",F22))),9, OR(ISNUMBER(SEARCH("Innovation",F22)),F22="Mini Project"),10, OR(ISNUMBER(SEARCH("Data Science",F22)),ISNUMBER(SEARCH("DS",F22))),11, ISNUMBER(SEARCH("Generative AI",F22)),12 =_xlfn.IFS( OR(F22="Selenium (Hands-on)",F22="Guest Lecture: HR Interview"),6, OR(F22="Soft Skill",F22="Soft Skill (Examination)",F22="AWS Training",F22="AWS Session"),7, OR(ISNUMBER(SEARCH("MAD",F22)),ISNUMBER(SEARCH("STQA",F22)),F22="CI/CD Session"),8, OR(ISNUMBER(SEARCH("Cloud",F22)),F22="Industry Readiness Program",ISNUMBER(SEARCH("Talenlio",F22))),9, OR(ISNUMBER(SEARCH("Innovation",F22)),F22="Mini Project"),10, OR(ISNUMBER(SEARCH("Data Science",F22)),ISNUMBER(SEARCH("DS",F22))),11, ISNUMBER(SEARCH("Generative AI",F22)),12 =_xlfn.IFS( OR(F22="Selenium (Hands-on)",F22="Guest Lecture: HR Interview"),6, OR(F22="Soft Skill",F22="Soft Skill (Examination)",F22="AWS Training",F22="AWS Session"),7, OR(ISNUMBER(SEARCH("MAD",F22)),ISNUMBER(SEARCH("STQA",F22)),F22="CI/CD Session"),8, OR(ISNUMBER(SEARCH("Cloud",F22)),F22="Industry Readiness Program",ISNUMBER(SEARCH("Talenlio",F22))),9, OR(ISNUMBER(SEARCH("Innovation",F22)),F22="Mini Project"),10, OR(ISNUMBER(SEARCH("Data Science",F22)),ISNUMBER(SEARCH("DS",F22))),11, ISNUMBER(SEARCH("Generative AI",F22)),12 =_xlfn.IFS( OR(F22="Selenium (Hands-on)",F22="Guest Lecture: HR Interview"),6, OR(F22="Soft Skill",F22="Soft Skill (Examination)",F22="AWS Training",F22="AWS Session"),7, OR(ISNUMBER(SEARCH("MAD",F22)),ISNUMBER(SEARCH("STQA",F22)),F22="CI/CD Session"),8, OR(ISNUMBER(SEARCH("Cloud",F22)),F22="Industry Readiness Program",ISNUMBER(SEARCH("Talenlio",F22))),9, OR(ISNUMBER(SEARCH("Innovation",F22)),F22="Mini Project"),10, OR(ISNUMBER(SEARCH("Data Science",F22)),ISNUMBER(SEARCH("DS",F22))),11, ISNUMBER(SEARCH("Generative AI",F22)),12 ))))} -> 7 | X22: 1 | Y22: 6 | Z22: Morning
A23: 46195 | B23: Monday | C23: 1 | D23: 0.35416667 | E23: 0.38541667 | F23: MAD (Mobile Application Development) | G23: OL | H23: III | I23: MCA | J23: A | K23: Computer Lab | L23: 103 | M23: =RANDBETWEEN(40,103) -> 61 | N23: =IF(OR(L23="",M23=""),"",M23/L23*100) -> 59.223301 | O23: 75.382789 | P23: =IF(C23=1, 0, IF(AND(A23=A22, J23=J22), ROUND(MAX(0, (D23-E22)*24), 2), 0)) -> 0 | Q23: Practical | R23: No | S23: =IF(OR(ISNUMBER(SEARCH("Guest", F23)), ISNUMBER(SEARCH("Hands-on", F23)), ISNUMBER(SEARCH("Project", F23)), B23="Friday"), "Yes", "No") -> No | T23: Yes | U23: =IF(MONTH(A23)=6, IF(DAY(A23)<20, "Sunny", "Cloudy"), IF(OR(MONTH(A23)=7, MONTH(A23)=8), "Rainy", "Sunny")) -> Cloudy | V23: No | W23: {=_xlfn.IFS( OR(F23="Selenium (Hands-on)",F23="Guest Lecture: HR Interview"),6, OR(F23="Soft Skill",F23="Soft Skill (Examination)",F23="AWS Training",F23="AWS Session"),7, OR(ISNUMBER(SEARCH("MAD",F23)),ISNUMBER(SEARCH("STQA",F23)),F23="CI/CD Session"),8, OR(ISNUMBER(SEARCH("Cloud",F23)),F23="Industry Readiness Program",ISNUMBER(SEARCH("Talenlio",F23))),9, OR(ISNUMBER(SEARCH("Innovation",F23)),F23="Mini Project"),10, OR(ISNUMBER(SEARCH("Data Science",F23)),ISNUMBER(SEARCH("DS",F23))),11, ISNUMBER(SEARCH("Generative AI",F23)),12 =_xlfn.IFS( OR(F23="Selenium (Hands-on)",F23="Guest Lecture: HR Interview"),6, OR(F23="Soft Skill",F23="Soft Skill (Examination)",F23="AWS Training",F23="AWS Session"),7, OR(ISNUMBER(SEARCH("MAD",F23)),ISNUMBER(SEARCH("STQA",F23)),F23="CI/CD Session"),8, OR(ISNUMBER(SEARCH("Cloud",F23)),F23="Industry Readiness Program",ISNUMBER(SEARCH("Talenlio",F23))),9, OR(ISNUMBER(SEARCH("Innovation",F23)),F23="Mini Project"),10, OR(ISNUMBER(SEARCH("Data Science",F23)),ISNUMBER(SEARCH("DS",F23))),11, ISNUMBER(SEARCH("Generative AI",F23)),12 =_xlfn.IFS( OR(F23="Selenium (Hands-on)",F23="Guest Lecture: HR Interview"),6, OR(F23="Soft Skill",F23="Soft Skill (Examination)",F23="AWS Training",F23="AWS Session"),7, OR(ISNUMBER(SEARCH("MAD",F23)),ISNUMBER(SEARCH("STQA",F23)),F23="CI/CD Session"),8, OR(ISNUMBER(SEARCH("Cloud",F23)),F23="Industry Readiness Program",ISNUMBER(SEARCH("Talenlio",F23))),9, OR(ISNUMBER(SEARCH("Innovation",F23)),F23="Mini Project"),10, OR(ISNUMBER(SEARCH("Data Science",F23)),ISNUMBER(SEARCH("DS",F23))),11, ISNUMBER(SEARCH("Generative AI",F23)),12 =_xlfn.IFS( OR(F23="Selenium (Hands-on)",F23="Guest Lecture: HR Interview"),6, OR(F23="Soft Skill",F23="Soft Skill (Examination)",F23="AWS Training",F23="AWS Session"),7, OR(ISNUMBER(SEARCH("MAD",F23)),ISNUMBER(SEARCH("STQA",F23)),F23="CI/CD Session"),8, OR(ISNUMBER(SEARCH("Cloud",F23)),F23="Industry Readiness Program",ISNUMBER(SEARCH("Talenlio",F23))),9, OR(ISNUMBER(SEARCH("Innovation",F23)),F23="Mini Project"),10, OR(ISNUMBER(SEARCH("Data Science",F23)),ISNUMBER(SEARCH("DS",F23))),11, ISNUMBER(SEARCH("Generative AI",F23)),12 ))))} -> 8 | X23: 2 | Y23: 8 | Z23: Morning
A24: 46195 | B24: Monday | C24: 2 | D24: 0.38541667 | E24: 0.42708333 | F24: MAD (Mobile Application Development) | G24: OL | H24: III | I24: MCA | J24: A | K24: Computer Lab | L24: 103 | M24: =RANDBETWEEN(40,103) -> 88 | N24: =IF(OR(L24="",M24=""),"",M24/L24*100) -> 85.436893 | O24: {=IFERROR(LOOKUP(2, 1/((F$1:F23=F24)*(J$1:J23=J24)*(ROW(F$1:F23)<ROW(F24))), N$1:N23), "")} -> 59.223301 | P24: =IF(C24=1, 0, IF(AND(A24=A23, J24=J23), ROUND(MAX(0, (D24-E23)*24), 2), 0)) -> 0 | Q24: Practical | R24: No | S24: =IF(OR(ISNUMBER(SEARCH("Guest", F24)), ISNUMBER(SEARCH("Hands-on", F24)), ISNUMBER(SEARCH("Project", F24)), B24="Friday"), "Yes", "No") -> No | T24: Yes | U24: =IF(MONTH(A24)=6, IF(DAY(A24)<20, "Sunny", "Cloudy"), IF(OR(MONTH(A24)=7, MONTH(A24)=8), "Rainy", "Sunny")) -> Cloudy | V24: No | W24: {=_xlfn.IFS( OR(F24="Selenium (Hands-on)",F24="Guest Lecture: HR Interview"),6, OR(F24="Soft Skill",F24="Soft Skill (Examination)",F24="AWS Training",F24="AWS Session"),7, OR(ISNUMBER(SEARCH("MAD",F24)),ISNUMBER(SEARCH("STQA",F24)),F24="CI/CD Session"),8, OR(ISNUMBER(SEARCH("Cloud",F24)),F24="Industry Readiness Program",ISNUMBER(SEARCH("Talenlio",F24))),9, OR(ISNUMBER(SEARCH("Innovation",F24)),F24="Mini Project"),10, OR(ISNUMBER(SEARCH("Data Science",F24)),ISNUMBER(SEARCH("DS",F24))),11, ISNUMBER(SEARCH("Generative AI",F24)),12 =_xlfn.IFS( OR(F24="Selenium (Hands-on)",F24="Guest Lecture: HR Interview"),6, OR(F24="Soft Skill",F24="Soft Skill (Examination)",F24="AWS Training",F24="AWS Session"),7, OR(ISNUMBER(SEARCH("MAD",F24)),ISNUMBER(SEARCH("STQA",F24)),F24="CI/CD Session"),8, OR(ISNUMBER(SEARCH("Cloud",F24)),F24="Industry Readiness Program",ISNUMBER(SEARCH("Talenlio",F24))),9, OR(ISNUMBER(SEARCH("Innovation",F24)),F24="Mini Project"),10, OR(ISNUMBER(SEARCH("Data Science",F24)),ISNUMBER(SEARCH("DS",F24))),11, ISNUMBER(SEARCH("Generative AI",F24)),12 =_xlfn.IFS( OR(F24="Selenium (Hands-on)",F24="Guest Lecture: HR Interview"),6, OR(F24="Soft Skill",F24="Soft Skill (Examination)",F24="AWS Training",F24="AWS Session"),7, OR(ISNUMBER(SEARCH("MAD",F24)),ISNUMBER(SEARCH("STQA",F24)),F24="CI/CD Session"),8, OR(ISNUMBER(SEARCH("Cloud",F24)),F24="Industry Readiness Program",ISNUMBER(SEARCH("Talenlio",F24))),9, OR(ISNUMBER(SEARCH("Innovation",F24)),F24="Mini Project"),10, OR(ISNUMBER(SEARCH("Data Science",F24)),ISNUMBER(SEARCH("DS",F24))),11, ISNUMBER(SEARCH("Generative AI",F24)),12 =_xlfn.IFS( OR(F24="Selenium (Hands-on)",F24="Guest Lecture: HR Interview"),6, OR(F24="Soft Skill",F24="Soft Skill (Examination)",F24="AWS Training",F24="AWS Session"),7, OR(ISNUMBER(SEARCH("MAD",F24)),ISNUMBER(SEARCH("STQA",F24)),F24="CI/CD Session"),8, OR(ISNUMBER(SEARCH("Cloud",F24)),F24="Industry Readiness Program",ISNUMBER(SEARCH("Talenlio",F24))),9, OR(ISNUMBER(SEARCH("Innovation",F24)),F24="Mini Project"),10, OR(ISNUMBER(SEARCH("Data Science",F24)),ISNUMBER(SEARCH("DS",F24))),11, ISNUMBER(SEARCH("Generative AI",F24)),12 ))))} -> 8 | X24: 2 | Y24: 8 | Z24: Morning
A25: 46195 | B25: Monday | C25: 3 | D25: 0.42708333 | E25: 0.46875 | F25: Innovation and Entrepreneurship Development | G25: JSP | H25: III | I25: MCA | J25: A | K25: Computer Lab | L25: 103 | M25: =RANDBETWEEN(40,103) -> 96 | N25: =IF(OR(L25="",M25=""),"",M25/L25*100) -> 93.203883 | O25: 83.415452 | P25: =IF(C25=1, 0, IF(AND(A25=A24, J25=J24), ROUND(MAX(0, (D25-E24)*24), 2), 0)) -> 0 | Q25: Theory | R25: No | S25: =IF(OR(ISNUMBER(SEARCH("Guest", F25)), ISNUMBER(SEARCH("Hands-on", F25)), ISNUMBER(SEARCH("Project", F25)), B25="Friday"), "Yes", "No") -> No | T25: Yes | U25: =IF(MONTH(A25)=6, IF(DAY(A25)<20, "Sunny", "Cloudy"), IF(OR(MONTH(A25)=7, MONTH(A25)=8), "Rainy", "Sunny")) -> Cloudy | V25: No | W25: {=_xlfn.IFS( OR(F25="Selenium (Hands-on)",F25="Guest Lecture: HR Interview"),6, OR(F25="Soft Skill",F25="Soft Skill (Examination)",F25="AWS Training",F25="AWS Session"),7, OR(ISNUMBER(SEARCH("MAD",F25)),ISNUMBER(SEARCH("STQA",F25)),F25="CI/CD Session"),8, OR(ISNUMBER(SEARCH("Cloud",F25)),F25="Industry Readiness Program",ISNUMBER(SEARCH("Talenlio",F25))),9, OR(ISNUMBER(SEARCH("Innovation",F25)),F25="Mini Project"),10, OR(ISNUMBER(SEARCH("Data Science",F25)),ISNUMBER(SEARCH("DS",F25))),11, ISNUMBER(SEARCH("Generative AI",F25)),12 =_xlfn.IFS( OR(F25="Selenium (Hands-on)",F25="Guest Lecture: HR Interview"),6, OR(F25="Soft Skill",F25="Soft Skill (Examination)",F25="AWS Training",F25="AWS Session"),7, OR(ISNUMBER(SEARCH("MAD",F25)),ISNUMBER(SEARCH("STQA",F25)),F25="CI/CD Session"),8, OR(ISNUMBER(SEARCH("Cloud",F25)),F25="Industry Readiness Program",ISNUMBER(SEARCH("Talenlio",F25))),9, OR(ISNUMBER(SEARCH("Innovation",F25)),F25="Mini Project"),10, OR(ISNUMBER(SEARCH("Data Science",F25)),ISNUMBER(SEARCH("DS",F25))),11, ISNUMBER(SEARCH("Generative AI",F25)),12 =_xlfn.IFS( OR(F25="Selenium (Hands-on)",F25="Guest Lecture: HR Interview"),6, OR(F25="Soft Skill",F25="Soft Skill (Examination)",F25="AWS Training",F25="AWS Session"),7, OR(ISNUMBER(SEARCH("MAD",F25)),ISNUMBER(SEARCH("STQA",F25)),F25="CI/CD Session"),8, OR(ISNUMBER(SEARCH("Cloud",F25)),F25="Industry Readiness Program",ISNUMBER(SEARCH("Talenlio",F25))),9, OR(ISNUMBER(SEARCH("Innovation",F25)),F25="Mini Project"),10, OR(ISNUMBER(SEARCH("Data Science",F25)),ISNUMBER(SEARCH("DS",F25))),11, ISNUMBER(SEARCH("Generative AI",F25)),12 =_xlfn.IFS( OR(F25="Selenium (Hands-on)",F25="Guest Lecture: HR Interview"),6, OR(F25="Soft Skill",F25="Soft Skill (Examination)",F25="AWS Training",F25="AWS Session"),7, OR(ISNUMBER(SEARCH("MAD",F25)),ISNUMBER(SEARCH("STQA",F25)),F25="CI/CD Session"),8, OR(ISNUMBER(SEARCH("Cloud",F25)),F25="Industry Readiness Program",ISNUMBER(SEARCH("Talenlio",F25))),9, OR(ISNUMBER(SEARCH("Innovation",F25)),F25="Mini Project"),10, OR(ISNUMBER(SEARCH("Data Science",F25)),ISNUMBER(SEARCH("DS",F25))),11, ISNUMBER(SEARCH("Generative AI",F25)),12 ))))} -> 10 | X25: 2 | Y25: 8 | Z25: Morning
A26: 46195 | B26: Monday | C26: 4 | D26: 0.46875 | E26: 0.51041667 | F26: Innovation and Entrepreneurship Development | G26: JSP | H26: III | I26: MCA | J26: A | K26: Computer Lab | L26: 103 | M26: =RANDBETWEEN(40,103) -> 93 | N26: =IF(OR(L26="",M26=""),"",M26/L26*100) -> 90.291262 | O26: {=IFERROR(LOOKUP(2, 1/((F$1:F25=F26)*(J$1:J25=J26)*(ROW(F$1:F25)<ROW(F26))), N$1:N25), "")} -> 93.203883 | P26: =IF(C26=1, 0, IF(AND(A26=A25, J26=J25), ROUND(MAX(0, (D26-E25)*24), 2), 0)) -> 0 | Q26: Theory | R26: No | S26: =IF(OR(ISNUMBER(SEARCH("Guest", F26)), ISNUMBER(SEARCH("Hands-on", F26)), ISNUMBER(SEARCH("Project", F26)), B26="Friday"), "Yes", "No") -> No | T26: Yes | U26: =IF(MONTH(A26)=6, IF(DAY(A26)<20, "Sunny", "Cloudy"), IF(OR(MONTH(A26)=7, MONTH(A26)=8), "Rainy", "Sunny")) -> Cloudy | V26: No | W26: {=_xlfn.IFS( OR(F26="Selenium (Hands-on)",F26="Guest Lecture: HR Interview"),6, OR(F26="Soft Skill",F26="Soft Skill (Examination)",F26="AWS Training",F26="AWS Session"),7, OR(ISNUMBER(SEARCH("MAD",F26)),ISNUMBER(SEARCH("STQA",F26)),F26="CI/CD Session"),8, OR(ISNUMBER(SEARCH("Cloud",F26)),F26="Industry Readiness Program",ISNUMBER(SEARCH("Talenlio",F26))),9, OR(ISNUMBER(SEARCH("Innovation",F26)),F26="Mini Project"),10, OR(ISNUMBER(SEARCH("Data Science",F26)),ISNUMBER(SEARCH("DS",F26))),11, ISNUMBER(SEARCH("Generative AI",F26)),12 =_xlfn.IFS( OR(F26="Selenium (Hands-on)",F26="Guest Lecture: HR Interview"),6, OR(F26="Soft Skill",F26="Soft Skill (Examination)",F26="AWS Training",F26="AWS Session"),7, OR(ISNUMBER(SEARCH("MAD",F26)),ISNUMBER(SEARCH("STQA",F26)),F26="CI/CD Session"),8, OR(ISNUMBER(SEARCH("Cloud",F26)),F26="Industry Readiness Program",ISNUMBER(SEARCH("Talenlio",F26))),9, OR(ISNUMBER(SEARCH("Innovation",F26)),F26="Mini Project"),10, OR(ISNUMBER(SEARCH("Data Science",F26)),ISNUMBER(SEARCH("DS",F26))),11, ISNUMBER(SEARCH("Generative AI",F26)),12 =_xlfn.IFS( OR(F26="Selenium (Hands-on)",F26="Guest Lecture: HR Interview"),6, OR(F26="Soft Skill",F26="Soft Skill (Examination)",F26="AWS Training",F26="AWS Session"),7, OR(ISNUMBER(SEARCH("MAD",F26)),ISNUMBER(SEARCH("STQA",F26)),F26="CI/CD Session"),8, OR(ISNUMBER(SEARCH("Cloud",F26)),F26="Industry Readiness Program",ISNUMBER(SEARCH("Talenlio",F26))),9, OR(ISNUMBER(SEARCH("Innovation",F26)),F26="Mini Project"),10, OR(ISNUMBER(SEARCH("Data Science",F26)),ISNUMBER(SEARCH("DS",F26))),11, ISNUMBER(SEARCH("Generative AI",F26)),12 =_xlfn.IFS( OR(F26="Selenium (Hands-on)",F26="Guest Lecture: HR Interview"),6, OR(F26="Soft Skill",F26="Soft Skill (Examination)",F26="AWS Training",F26="AWS Session"),7, OR(ISNUMBER(SEARCH("MAD",F26)),ISNUMBER(SEARCH("STQA",F26)),F26="CI/CD Session"),8, OR(ISNUMBER(SEARCH("Cloud",F26)),F26="Industry Readiness Program",ISNUMBER(SEARCH("Talenlio",F26))),9, OR(ISNUMBER(SEARCH("Innovation",F26)),F26="Mini Project"),10, OR(ISNUMBER(SEARCH("Data Science",F26)),ISNUMBER(SEARCH("DS",F26))),11, ISNUMBER(SEARCH("Generative AI",F26)),12 ))))} -> 10 | X26: 2 | Y26: 8 | Z26: Morning
A27: 46195 | B27: Monday | C27: 5 | D27: 0.5625 | E27: 0.60416667 | F27: STQA Practical | G27: DPY | H27: III | I27: MCA | J27: A | K27: Computer Lab | L27: 103 | M27: =RANDBETWEEN(40,103) -> 42 | N27: =IF(OR(L27="",M27=""),"",M27/L27*100) -> 40.776699 | O27: 86.982398 | P27: =IF(C27=1, 0, IF(AND(A27=A26, J27=J26), ROUND(MAX(0, (D27-E26)*24), 2), 0)) -> 1.25 | Q27: Practical | R27: No | S27: =IF(OR(ISNUMBER(SEARCH("Guest", F27)), ISNUMBER(SEARCH("Hands-on", F27)), ISNUMBER(SEARCH("Project", F27)), B27="Friday"), "Yes", "No") -> No | T27: Yes | U27: =IF(MONTH(A27)=6, IF(DAY(A27)<20, "Sunny", "Cloudy"), IF(OR(MONTH(A27)=7, MONTH(A27)=8), "Rainy", "Sunny")) -> Cloudy | V27: No | W27: {=_xlfn.IFS( OR(F27="Selenium (Hands-on)",F27="Guest Lecture: HR Interview"),6, OR(F27="Soft Skill",F27="Soft Skill (Examination)",F27="AWS Training",F27="AWS Session"),7, OR(ISNUMBER(SEARCH("MAD",F27)),ISNUMBER(SEARCH("STQA",F27)),F27="CI/CD Session"),8, OR(ISNUMBER(SEARCH("Cloud",F27)),F27="Industry Readiness Program",ISNUMBER(SEARCH("Talenlio",F27))),9, OR(ISNUMBER(SEARCH("Innovation",F27)),F27="Mini Project"),10, OR(ISNUMBER(SEARCH("Data Science",F27)),ISNUMBER(SEARCH("DS",F27))),11, ISNUMBER(SEARCH("Generative AI",F27)),12 =_xlfn.IFS( OR(F27="Selenium (Hands-on)",F27="Guest Lecture: HR Interview"),6, OR(F27="Soft Skill",F27="Soft Skill (Examination)",F27="AWS Training",F27="AWS Session"),7, OR(ISNUMBER(SEARCH("MAD",F27)),ISNUMBER(SEARCH("STQA",F27)),F27="CI/CD Session"),8, OR(ISNUMBER(SEARCH("Cloud",F27)),F27="Industry Readiness Program",ISNUMBER(SEARCH("Talenlio",F27))),9, OR(ISNUMBER(SEARCH("Innovation",F27)),F27="Mini Project"),10, OR(ISNUMBER(SEARCH("Data Science",F27)),ISNUMBER(SEARCH("DS",F27))),11, ISNUMBER(SEARCH("Generative AI",F27)),12 =_xlfn.IFS( OR(F27="Selenium (Hands-on)",F27="Guest Lecture: HR Interview"),6, OR(F27="Soft Skill",F27="Soft Skill (Examination)",F27="AWS Training",F27="AWS Session"),7, OR(ISNUMBER(SEARCH("MAD",F27)),ISNUMBER(SEARCH("STQA",F27)),F27="CI/CD Session"),8, OR(ISNUMBER(SEARCH("Cloud",F27)),F27="Industry Readiness Program",ISNUMBER(SEARCH("Talenlio",F27))),9, OR(ISNUMBER(SEARCH("Innovation",F27)),F27="Mini Project"),10, OR(ISNUMBER(SEARCH("Data Science",F27)),ISNUMBER(SEARCH("DS",F27))),11, ISNUMBER(SEARCH("Generative AI",F27)),12 =_xlfn.IFS( OR(F27="Selenium (Hands-on)",F27="Guest Lecture: HR Interview"),6, OR(F27="Soft Skill",F27="Soft Skill (Examination)",F27="AWS Training",F27="AWS Session"),7, OR(ISNUMBER(SEARCH("MAD",F27)),ISNUMBER(SEARCH("STQA",F27)),F27="CI/CD Session"),8, OR(ISNUMBER(SEARCH("Cloud",F27)),F27="Industry Readiness Program",ISNUMBER(SEARCH("Talenlio",F27))),9, OR(ISNUMBER(SEARCH("Innovation",F27)),F27="Mini Project"),10, OR(ISNUMBER(SEARCH("Data Science",F27)),ISNUMBER(SEARCH("DS",F27))),11, ISNUMBER(SEARCH("Generative AI",F27)),12 ))))} -> 8 | X27: 2 | Y27: 8 | Z27: Afternoon
A28: 46195 | B28: Monday | C28: 6 | D28: 0.60416667 | E28: 0.64583333 | F28: STQA Practical | G28: DPY | H28: III | I28: MCA | J28: A | K28: Computer Lab | L28: 103 | M28: =RANDBETWEEN(40,103) -> 79 | N28: =IF(OR(L28="",M28=""),"",M28/L28*100) -> 76.699029 | O28: {=IFERROR(LOOKUP(2, 1/((F$1:F27=F28)*(J$1:J27=J28)*(ROW(F$1:F27)<ROW(F28))), N$1:N27), "")} -> 40.776699 | P28: =IF(C28=1, 0, IF(AND(A28=A27, J28=J27), ROUND(MAX(0, (D28-E27)*24), 2), 0)) -> 0 | Q28: Practical | R28: No | S28: =IF(OR(ISNUMBER(SEARCH("Guest", F28)), ISNUMBER(SEARCH("Hands-on", F28)), ISNUMBER(SEARCH("Project", F28)), B28="Friday"), "Yes", "No") -> No | T28: Yes | U28: =IF(MONTH(A28)=6, IF(DAY(A28)<20, "Sunny", "Cloudy"), IF(OR(MONTH(A28)=7, MONTH(A28)=8), "Rainy", "Sunny")) -> Cloudy | V28: No | W28: {=_xlfn.IFS( OR(F28="Selenium (Hands-on)",F28="Guest Lecture: HR Interview"),6, OR(F28="Soft Skill",F28="Soft Skill (Examination)",F28="AWS Training",F28="AWS Session"),7, OR(ISNUMBER(SEARCH("MAD",F28)),ISNUMBER(SEARCH("STQA",F28)),F28="CI/CD Session"),8, OR(ISNUMBER(SEARCH("Cloud",F28)),F28="Industry Readiness Program",ISNUMBER(SEARCH("Talenlio",F28))),9, OR(ISNUMBER(SEARCH("Innovation",F28)),F28="Mini Project"),10, OR(ISNUMBER(SEARCH("Data Science",F28)),ISNUMBER(SEARCH("DS",F28))),11, ISNUMBER(SEARCH("Generative AI",F28)),12 =_xlfn.IFS( OR(F28="Selenium (Hands-on)",F28="Guest Lecture: HR Interview"),6, OR(F28="Soft Skill",F28="Soft Skill (Examination)",F28="AWS Training",F28="AWS Session"),7, OR(ISNUMBER(SEARCH("MAD",F28)),ISNUMBER(SEARCH("STQA",F28)),F28="CI/CD Session"),8, OR(ISNUMBER(SEARCH("Cloud",F28)),F28="Industry Readiness Program",ISNUMBER(SEARCH("Talenlio",F28))),9, OR(ISNUMBER(SEARCH("Innovation",F28)),F28="Mini Project"),10, OR(ISNUMBER(SEARCH("Data Science",F28)),ISNUMBER(SEARCH("DS",F28))),11, ISNUMBER(SEARCH("Generative AI",F28)),12 =_xlfn.IFS( OR(F28="Selenium (Hands-on)",F28="Guest Lecture: HR Interview"),6, OR(F28="Soft Skill",F28="Soft Skill (Examination)",F28="AWS Training",F28="AWS Session"),7, OR(ISNUMBER(SEARCH("MAD",F28)),ISNUMBER(SEARCH("STQA",F28)),F28="CI/CD Session"),8, OR(ISNUMBER(SEARCH("Cloud",F28)),F28="Industry Readiness Program",ISNUMBER(SEARCH("Talenlio",F28))),9, OR(ISNUMBER(SEARCH("Innovation",F28)),F28="Mini Project"),10, OR(ISNUMBER(SEARCH("Data Science",F28)),ISNUMBER(SEARCH("DS",F28))),11, ISNUMBER(SEARCH("Generative AI",F28)),12 =_xlfn.IFS( OR(F28="Selenium (Hands-on)",F28="Guest Lecture: HR Interview"),6, OR(F28="Soft Skill",F28="Soft Skill (Examination)",F28="AWS Training",F28="AWS Session"),7, OR(ISNUMBER(SEARCH("MAD",F28)),ISNUMBER(SEARCH("STQA",F28)),F28="CI/CD Session"),8, OR(ISNUMBER(SEARCH("Cloud",F28)),F28="Industry Readiness Program",ISNUMBER(SEARCH("Talenlio",F28))),9, OR(ISNUMBER(SEARCH("Innovation",F28)),F28="Mini Project"),10, OR(ISNUMBER(SEARCH("Data Science",F28)),ISNUMBER(SEARCH("DS",F28))),11, ISNUMBER(SEARCH("Generative AI",F28)),12 ))))} -> 8 | X28: 2 | Y28: 8 | Z28: Afternoon
A29: 46196 | B29: Tuesday | C29: 1 | D29: 0.35416667 | E29: 0.38541667 | F29: MAD (Mobile Application Development) | G29: OL | H29: III | I29: MCA | J29: A | K29: Computer Lab | L29: 103 | M29: =RANDBETWEEN(40,103) -> 46 | N29: =IF(OR(L29="",M29=""),"",M29/L29*100) -> 44.660194 | O29: {=IFERROR(LOOKUP(2, 1/((F$1:F28=F29)*(J$1:J28=J29)*(ROW(F$1:F28)<ROW(F29))), N$1:N28), "")} -> 85.436893 | P29: =IF(C29=1, 0, IF(AND(A29=A28, J29=J28), ROUND(MAX(0, (D29-E28)*24), 2), 0)) -> 0 | Q29: Practical | R29: No | S29: =IF(OR(ISNUMBER(SEARCH("Guest", F29)), ISNUMBER(SEARCH("Hands-on", F29)), ISNUMBER(SEARCH("Project", F29)), B29="Friday"), "Yes", "No") -> No | T29: No | U29: =IF(MONTH(A29)=6, IF(DAY(A29)<20, "Sunny", "Cloudy"), IF(OR(MONTH(A29)=7, MONTH(A29)=8), "Rainy", "Sunny")) -> Cloudy | V29: No | W29: {=_xlfn.IFS( OR(F29="Selenium (Hands-on)",F29="Guest Lecture: HR Interview"),6, OR(F29="Soft Skill",F29="Soft Skill (Examination)",F29="AWS Training",F29="AWS Session"),7, OR(ISNUMBER(SEARCH("MAD",F29)),ISNUMBER(SEARCH("STQA",F29)),F29="CI/CD Session"),8, OR(ISNUMBER(SEARCH("Cloud",F29)),F29="Industry Readiness Program",ISNUMBER(SEARCH("Talenlio",F29))),9, OR(ISNUMBER(SEARCH("Innovation",F29)),F29="Mini Project"),10, OR(ISNUMBER(SEARCH("Data Science",F29)),ISNUMBER(SEARCH("DS",F29))),11, ISNUMBER(SEARCH("Generative AI",F29)),12 =_xlfn.IFS( OR(F29="Selenium (Hands-on)",F29="Guest Lecture: HR Interview"),6, OR(F29="Soft Skill",F29="Soft Skill (Examination)",F29="AWS Training",F29="AWS Session"),7, OR(ISNUMBER(SEARCH("MAD",F29)),ISNUMBER(SEARCH("STQA",F29)),F29="CI/CD Session"),8, OR(ISNUMBER(SEARCH("Cloud",F29)),F29="Industry Readiness Program",ISNUMBER(SEARCH("Talenlio",F29))),9, OR(ISNUMBER(SEARCH("Innovation",F29)),F29="Mini Project"),10, OR(ISNUMBER(SEARCH("Data Science",F29)),ISNUMBER(SEARCH("DS",F29))),11, ISNUMBER(SEARCH("Generative AI",F29)),12 =_xlfn.IFS( OR(F29="Selenium (Hands-on)",F29="Guest Lecture: HR Interview"),6, OR(F29="Soft Skill",F29="Soft Skill (Examination)",F29="AWS Training",F29="AWS Session"),7, OR(ISNUMBER(SEARCH("MAD",F29)),ISNUMBER(SEARCH("STQA",F29)),F29="CI/CD Session"),8, OR(ISNUMBER(SEARCH("Cloud",F29)),F29="Industry Readiness Program",ISNUMBER(SEARCH("Talenlio",F29))),9, OR(ISNUMBER(SEARCH("Innovation",F29)),F29="Mini Project"),10, OR(ISNUMBER(SEARCH("Data Science",F29)),ISNUMBER(SEARCH("DS",F29))),11, ISNUMBER(SEARCH("Generative AI",F29)),12 =_xlfn.IFS( OR(F29="Selenium (Hands-on)",F29="Guest Lecture: HR Interview"),6, OR(F29="Soft Skill",F29="Soft Skill (Examination)",F29="AWS Training",F29="AWS Session"),7, OR(ISNUMBER(SEARCH("MAD",F29)),ISNUMBER(SEARCH("STQA",F29)),F29="CI/CD Session"),8, OR(ISNUMBER(SEARCH("Cloud",F29)),F29="Industry Readiness Program",ISNUMBER(SEARCH("Talenlio",F29))),9, OR(ISNUMBER(SEARCH("Innovation",F29)),F29="Mini Project"),10, OR(ISNUMBER(SEARCH("Data Science",F29)),ISNUMBER(SEARCH("DS",F29))),11, ISNUMBER(SEARCH("Generative AI",F29)),12 ))))} -> 8 | X29: 2 | Y29: 9 | Z29: Morning
A30: 46196 | B30: Tuesday | C30: 2 | D30: 0.38541667 | E30: 0.42708333 | F30: MAD (Mobile Application Development) | G30: OL | H30: III | I30: MCA | J30: A | K30: Computer Lab | L30: 103 | M30: =RANDBETWEEN(40,103) -> 43 | N30: =IF(OR(L30="",M30=""),"",M30/L30*100) -> 41.747573 | O30: {=IFERROR(LOOKUP(2, 1/((F$1:F29=F30)*(J$1:J29=J30)*(ROW(F$1:F29)<ROW(F30))), N$1:N29), "")} -> 44.660194 | P30: =IF(C30=1, 0, IF(AND(A30=A29, J30=J29), ROUND(MAX(0, (D30-E29)*24), 2), 0)) -> 0 | Q30: Practical | R30: No | S30: =IF(OR(ISNUMBER(SEARCH("Guest", F30)), ISNUMBER(SEARCH("Hands-on", F30)), ISNUMBER(SEARCH("Project", F30)), B30="Friday"), "Yes", "No") -> No | T30: No | U30: =IF(MONTH(A30)=6, IF(DAY(A30)<20, "Sunny", "Cloudy"), IF(OR(MONTH(A30)=7, MONTH(A30)=8), "Rainy", "Sunny")) -> Cloudy | V30: No | W30: {=_xlfn.IFS( OR(F30="Selenium (Hands-on)",F30="Guest Lecture: HR Interview"),6, OR(F30="Soft Skill",F30="Soft Skill (Examination)",F30="AWS Training",F30="AWS Session"),7, OR(ISNUMBER(SEARCH("MAD",F30)),ISNUMBER(SEARCH("STQA",F30)),F30="CI/CD Session"),8, OR(ISNUMBER(SEARCH("Cloud",F30)),F30="Industry Readiness Program",ISNUMBER(SEARCH("Talenlio",F30))),9, OR(ISNUMBER(SEARCH("Innovation",F30)),F30="Mini Project"),10, OR(ISNUMBER(SEARCH("Data Science",F30)),ISNUMBER(SEARCH("DS",F30))),11, ISNUMBER(SEARCH("Generative AI",F30)),12 =_xlfn.IFS( OR(F30="Selenium (Hands-on)",F30="Guest Lecture: HR Interview"),6, OR(F30="Soft Skill",F30="Soft Skill (Examination)",F30="AWS Training",F30="AWS Session"),7, OR(ISNUMBER(SEARCH("MAD",F30)),ISNUMBER(SEARCH("STQA",F30)),F30="CI/CD Session"),8, OR(ISNUMBER(SEARCH("Cloud",F30)),F30="Industry Readiness Program",ISNUMBER(SEARCH("Talenlio",F30))),9, OR(ISNUMBER(SEARCH("Innovation",F30)),F30="Mini Project"),10, OR(ISNUMBER(SEARCH("Data Science",F30)),ISNUMBER(SEARCH("DS",F30))),11, ISNUMBER(SEARCH("Generative AI",F30)),12 =_xlfn.IFS( OR(F30="Selenium (Hands-on)",F30="Guest Lecture: HR Interview"),6, OR(F30="Soft Skill",F30="Soft Skill (Examination)",F30="AWS Training",F30="AWS Session"),7, OR(ISNUMBER(SEARCH("MAD",F30)),ISNUMBER(SEARCH("STQA",F30)),F30="CI/CD Session"),8, OR(ISNUMBER(SEARCH("Cloud",F30)),F30="Industry Readiness Program",ISNUMBER(SEARCH("Talenlio",F30))),9, OR(ISNUMBER(SEARCH("Innovation",F30)),F30="Mini Project"),10, OR(ISNUMBER(SEARCH("Data Science",F30)),ISNUMBER(SEARCH("DS",F30))),11, ISNUMBER(SEARCH("Generative AI",F30)),12 =_xlfn.IFS( OR(F30="Selenium (Hands-on)",F30="Guest Lecture: HR Interview"),6, OR(F30="Soft Skill",F30="Soft Skill (Examination)",F30="AWS Training",F30="AWS Session"),7, OR(ISNUMBER(SEARCH("MAD",F30)),ISNUMBER(SEARCH("STQA",F30)),F30="CI/CD Session"),8, OR(ISNUMBER(SEARCH("Cloud",F30)),F30="Industry Readiness Program",ISNUMBER(SEARCH("Talenlio",F30))),9, OR(ISNUMBER(SEARCH("Innovation",F30)),F30="Mini Project"),10, OR(ISNUMBER(SEARCH("Data Science",F30)),ISNUMBER(SEARCH("DS",F30))),11, ISNUMBER(SEARCH("Generative AI",F30)),12 ))))} -> 8 | X30: 2 | Y30: 9 | Z30: Morning
A31: 46196 | B31: Tuesday | C31: 3 | D31: 0.42708333 | E31: 0.46875 | F31: Principles of Cloud Management and Security | G31: SDM | H31: III | I31: MCA | J31: A | K31: Computer Lab | L31: 103 | M31: =RANDBETWEEN(40,103) -> 73 | N31: =IF(OR(L31="",M31=""),"",M31/L31*100) -> 70.873786 | O31: 45.322597 | P31: =IF(C31=1, 0, IF(AND(A31=A30, J31=J30), ROUND(MAX(0, (D31-E30)*24), 2), 0)) -> 0 | Q31: Theory | R31: No | S31: =IF(OR(ISNUMBER(SEARCH("Guest", F31)), ISNUMBER(SEARCH("Hands-on", F31)), ISNUMBER(SEARCH("Project", F31)), B31="Friday"), "Yes", "No") -> No | T31: No | U31: =IF(MONTH(A31)=6, IF(DAY(A31)<20, "Sunny", "Cloudy"), IF(OR(MONTH(A31)=7, MONTH(A31)=8), "Rainy", "Sunny")) -> Cloudy | V31: No | W31: {=_xlfn.IFS( OR(F31="Selenium (Hands-on)",F31="Guest Lecture: HR Interview"),6, OR(F31="Soft Skill",F31="Soft Skill (Examination)",F31="AWS Training",F31="AWS Session"),7, OR(ISNUMBER(SEARCH("MAD",F31)),ISNUMBER(SEARCH("STQA",F31)),F31="CI/CD Session"),8, OR(ISNUMBER(SEARCH("Cloud",F31)),F31="Industry Readiness Program",ISNUMBER(SEARCH("Talenlio",F31))),9, OR(ISNUMBER(SEARCH("Innovation",F31)),F31="Mini Project"),10, OR(ISNUMBER(SEARCH("Data Science",F31)),ISNUMBER(SEARCH("DS",F31))),11, ISNUMBER(SEARCH("Generative AI",F31)),12 =_xlfn.IFS( OR(F31="Selenium (Hands-on)",F31="Guest Lecture: HR Interview"),6, OR(F31="Soft Skill",F31="Soft Skill (Examination)",F31="AWS Training",F31="AWS Session"),7, OR(ISNUMBER(SEARCH("MAD",F31)),ISNUMBER(SEARCH("STQA",F31)),F31="CI/CD Session"),8, OR(ISNUMBER(SEARCH("Cloud",F31)),F31="Industry Readiness Program",ISNUMBER(SEARCH("Talenlio",F31))),9, OR(ISNUMBER(SEARCH("Innovation",F31)),F31="Mini Project"),10, OR(ISNUMBER(SEARCH("Data Science",F31)),ISNUMBER(SEARCH("DS",F31))),11, ISNUMBER(SEARCH("Generative AI",F31)),12 =_xlfn.IFS( OR(F31="Selenium (Hands-on)",F31="Guest Lecture: HR Interview"),6, OR(F31="Soft Skill",F31="Soft Skill (Examination)",F31="AWS Training",F31="AWS Session"),7, OR(ISNUMBER(SEARCH("MAD",F31)),ISNUMBER(SEARCH("STQA",F31)),F31="CI/CD Session"),8, OR(ISNUMBER(SEARCH("Cloud",F31)),F31="Industry Readiness Program",ISNUMBER(SEARCH("Talenlio",F31))),9, OR(ISNUMBER(SEARCH("Innovation",F31)),F31="Mini Project"),10, OR(ISNUMBER(SEARCH("Data Science",F31)),ISNUMBER(SEARCH("DS",F31))),11, ISNUMBER(SEARCH("Generative AI",F31)),12 =_xlfn.IFS( OR(F31="Selenium (Hands-on)",F31="Guest Lecture: HR Interview"),6, OR(F31="Soft Skill",F31="Soft Skill (Examination)",F31="AWS Training",F31="AWS Session"),7, OR(ISNUMBER(SEARCH("MAD",F31)),ISNUMBER(SEARCH("STQA",F31)),F31="CI/CD Session"),8, OR(ISNUMBER(SEARCH("Cloud",F31)),F31="Industry Readiness Program",ISNUMBER(SEARCH("Talenlio",F31))),9, OR(ISNUMBER(SEARCH("Innovation",F31)),F31="Mini Project"),10, OR(ISNUMBER(SEARCH("Data Science",F31)),ISNUMBER(SEARCH("DS",F31))),11, ISNUMBER(SEARCH("Generative AI",F31)),12 ))))} -> 9 | X31: 2 | Y31: 9 | Z31: Morning
A32: 46196 | B32: Tuesday | C32: 4 | D32: 0.46875 | E32: 0.51041667 | F32: Data Science & Machine Learning | G32: MLK | H32: III | I32: MCA | J32: A | K32: Computer Lab | L32: 103 | M32: =RANDBETWEEN(40,103) -> 56 | N32: =IF(OR(L32="",M32=""),"",M32/L32*100) -> 54.368932 | O32: 79.429574 | P32: =IF(C32=1, 0, IF(AND(A32=A31, J32=J31), ROUND(MAX(0, (D32-E31)*24), 2), 0)) -> 0 | Q32: Theory | R32: No | S32: =IF(OR(ISNUMBER(SEARCH("Guest", F32)), ISNUMBER(SEARCH("Hands-on", F32)), ISNUMBER(SEARCH("Project", F32)), B32="Friday"), "Yes", "No") -> No | T32: No | U32: =IF(MONTH(A32)=6, IF(DAY(A32)<20, "Sunny", "Cloudy"), IF(OR(MONTH(A32)=7, MONTH(A32)=8), "Rainy", "Sunny")) -> Cloudy | V32: No | W32: {=_xlfn.IFS( OR(F32="Selenium (Hands-on)",F32="Guest Lecture: HR Interview"),6, OR(F32="Soft Skill",F32="Soft Skill (Examination)",F32="AWS Training",F32="AWS Session"),7, OR(ISNUMBER(SEARCH("MAD",F32)),ISNUMBER(SEARCH("STQA",F32)),F32="CI/CD Session"),8, OR(ISNUMBER(SEARCH("Cloud",F32)),F32="Industry Readiness Program",ISNUMBER(SEARCH("Talenlio",F32))),9, OR(ISNUMBER(SEARCH("Innovation",F32)),F32="Mini Project"),10, OR(ISNUMBER(SEARCH("Data Science",F32)),ISNUMBER(SEARCH("DS",F32))),11, ISNUMBER(SEARCH("Generative AI",F32)),12 =_xlfn.IFS( OR(F32="Selenium (Hands-on)",F32="Guest Lecture: HR Interview"),6, OR(F32="Soft Skill",F32="Soft Skill (Examination)",F32="AWS Training",F32="AWS Session"),7, OR(ISNUMBER(SEARCH("MAD",F32)),ISNUMBER(SEARCH("STQA",F32)),F32="CI/CD Session"),8, OR(ISNUMBER(SEARCH("Cloud",F32)),F32="Industry Readiness Program",ISNUMBER(SEARCH("Talenlio",F32))),9, OR(ISNUMBER(SEARCH("Innovation",F32)),F32="Mini Project"),10, OR(ISNUMBER(SEARCH("Data Science",F32)),ISNUMBER(SEARCH("DS",F32))),11, ISNUMBER(SEARCH("Generative AI",F32)),12 =_xlfn.IFS( OR(F32="Selenium (Hands-on)",F32="Guest Lecture: HR Interview"),6, OR(F32="Soft Skill",F32="Soft Skill (Examination)",F32="AWS Training",F32="AWS Session"),7, OR(ISNUMBER(SEARCH("MAD",F32)),ISNUMBER(SEARCH("STQA",F32)),F32="CI/CD Session"),8, OR(ISNUMBER(SEARCH("Cloud",F32)),F32="Industry Readiness Program",ISNUMBER(SEARCH("Talenlio",F32))),9, OR(ISNUMBER(SEARCH("Innovation",F32)),F32="Mini Project"),10, OR(ISNUMBER(SEARCH("Data Science",F32)),ISNUMBER(SEARCH("DS",F32))),11, ISNUMBER(SEARCH("Generative AI",F32)),12 =_xlfn.IFS( OR(F32="Selenium (Hands-on)",F32="Guest Lecture: HR Interview"),6, OR(F32="Soft Skill",F32="Soft Skill (Examination)",F32="AWS Training",F32="AWS Session"),7, OR(ISNUMBER(SEARCH("MAD",F32)),ISNUMBER(SEARCH("STQA",F32)),F32="CI/CD Session"),8, OR(ISNUMBER(SEARCH("Cloud",F32)),F32="Industry Readiness Program",ISNUMBER(SEARCH("Talenlio",F32))),9, OR(ISNUMBER(SEARCH("Innovation",F32)),F32="Mini Project"),10, OR(ISNUMBER(SEARCH("Data Science",F32)),ISNUMBER(SEARCH("DS",F32))),11, ISNUMBER(SEARCH("Generative AI",F32)),12 ))))} -> 11 | X32: 2 | Y32: 9 | Z32: Morning
A33: 46196 | B33: Tuesday | C33: 5 | D33: 0.5625 | E33: 0.60416667 | F33: DS & ML Practical | G33: MLK | H33: III | I33: MCA | J33: A | K33: Computer Lab | L33: 103 | M33: =RANDBETWEEN(40,103) -> 50 | N33: =IF(OR(L33="",M33=""),"",M33/L33*100) -> 48.543689 | O33: 59.295884 | P33: =IF(C33=1, 0, IF(AND(A33=A32, J33=J32), ROUND(MAX(0, (D33-E32)*24), 2), 0)) -> 1.25 | Q33: Practical | R33: No | S33: =IF(OR(ISNUMBER(SEARCH("Guest", F33)), ISNUMBER(SEARCH("Hands-on", F33)), ISNUMBER(SEARCH("Project", F33)), B33="Friday"), "Yes", "No") -> No | T33: No | U33: =IF(MONTH(A33)=6, IF(DAY(A33)<20, "Sunny", "Cloudy"), IF(OR(MONTH(A33)=7, MONTH(A33)=8), "Rainy", "Sunny")) -> Cloudy | V33: No | W33: {=_xlfn.IFS( OR(F33="Selenium (Hands-on)",F33="Guest Lecture: HR Interview"),6, OR(F33="Soft Skill",F33="Soft Skill (Examination)",F33="AWS Training",F33="AWS Session"),7, OR(ISNUMBER(SEARCH("MAD",F33)),ISNUMBER(SEARCH("STQA",F33)),F33="CI/CD Session"),8, OR(ISNUMBER(SEARCH("Cloud",F33)),F33="Industry Readiness Program",ISNUMBER(SEARCH("Talenlio",F33))),9, OR(ISNUMBER(SEARCH("Innovation",F33)),F33="Mini Project"),10, OR(ISNUMBER(SEARCH("Data Science",F33)),ISNUMBER(SEARCH("DS",F33))),11, ISNUMBER(SEARCH("Generative AI",F33)),12 =_xlfn.IFS( OR(F33="Selenium (Hands-on)",F33="Guest Lecture: HR Interview"),6, OR(F33="Soft Skill",F33="Soft Skill (Examination)",F33="AWS Training",F33="AWS Session"),7, OR(ISNUMBER(SEARCH("MAD",F33)),ISNUMBER(SEARCH("STQA",F33)),F33="CI/CD Session"),8, OR(ISNUMBER(SEARCH("Cloud",F33)),F33="Industry Readiness Program",ISNUMBER(SEARCH("Talenlio",F33))),9, OR(ISNUMBER(SEARCH("Innovation",F33)),F33="Mini Project"),10, OR(ISNUMBER(SEARCH("Data Science",F33)),ISNUMBER(SEARCH("DS",F33))),11, ISNUMBER(SEARCH("Generative AI",F33)),12 =_xlfn.IFS( OR(F33="Selenium (Hands-on)",F33="Guest Lecture: HR Interview"),6, OR(F33="Soft Skill",F33="Soft Skill (Examination)",F33="AWS Training",F33="AWS Session"),7, OR(ISNUMBER(SEARCH("MAD",F33)),ISNUMBER(SEARCH("STQA",F33)),F33="CI/CD Session"),8, OR(ISNUMBER(SEARCH("Cloud",F33)),F33="Industry Readiness Program",ISNUMBER(SEARCH("Talenlio",F33))),9, OR(ISNUMBER(SEARCH("Innovation",F33)),F33="Mini Project"),10, OR(ISNUMBER(SEARCH("Data Science",F33)),ISNUMBER(SEARCH("DS",F33))),11, ISNUMBER(SEARCH("Generative AI",F33)),12 =_xlfn.IFS( OR(F33="Selenium (Hands-on)",F33="Guest Lecture: HR Interview"),6, OR(F33="Soft Skill",F33="Soft Skill (Examination)",F33="AWS Training",F33="AWS Session"),7, OR(ISNUMBER(SEARCH("MAD",F33)),ISNUMBER(SEARCH("STQA",F33)),F33="CI/CD Session"),8, OR(ISNUMBER(SEARCH("Cloud",F33)),F33="Industry Readiness Program",ISNUMBER(SEARCH("Talenlio",F33))),9, OR(ISNUMBER(SEARCH("Innovation",F33)),F33="Mini Project"),10, OR(ISNUMBER(SEARCH("Data Science",F33)),ISNUMBER(SEARCH("DS",F33))),11, ISNUMBER(SEARCH("Generative AI",F33)),12 ))))} -> 11 | X33: 2 | Y33: 9 | Z33: Afternoon
A34: 46196 | B34: Tuesday | C34: 6 | D34: 0.60416667 | E34: 0.64583333 | F34: DS & ML Practical | G34: MLK | H34: III | I34: MCA | J34: A | K34: Computer Lab | L34: 103 | M34: =RANDBETWEEN(40,103) -> 59 | N34: =IF(OR(L34="",M34=""),"",M34/L34*100) -> 57.281553 | O34: {=IFERROR(LOOKUP(2, 1/((F$1:F33=F34)*(J$1:J33=J34)*(ROW(F$1:F33)<ROW(F34))), N$1:N33), "")} -> 48.543689 | P34: =IF(C34=1, 0, IF(AND(A34=A33, J34=J33), ROUND(MAX(0, (D34-E33)*24), 2), 0)) -> 0 | Q34: Practical | R34: No | S34: =IF(OR(ISNUMBER(SEARCH("Guest", F34)), ISNUMBER(SEARCH("Hands-on", F34)), ISNUMBER(SEARCH("Project", F34)), B34="Friday"), "Yes", "No") -> No | T34: No | U34: =IF(MONTH(A34)=6, IF(DAY(A34)<20, "Sunny", "Cloudy"), IF(OR(MONTH(A34)=7, MONTH(A34)=8), "Rainy", "Sunny")) -> Cloudy | V34: No | W34: {=_xlfn.IFS( OR(F34="Selenium (Hands-on)",F34="Guest Lecture: HR Interview"),6, OR(F34="Soft Skill",F34="Soft Skill (Examination)",F34="AWS Training",F34="AWS Session"),7, OR(ISNUMBER(SEARCH("MAD",F34)),ISNUMBER(SEARCH("STQA",F34)),F34="CI/CD Session"),8, OR(ISNUMBER(SEARCH("Cloud",F34)),F34="Industry Readiness Program",ISNUMBER(SEARCH("Talenlio",F34))),9, OR(ISNUMBER(SEARCH("Innovation",F34)),F34="Mini Project"),10, OR(ISNUMBER(SEARCH("Data Science",F34)),ISNUMBER(SEARCH("DS",F34))),11, ISNUMBER(SEARCH("Generative AI",F34)),12 =_xlfn.IFS( OR(F34="Selenium (Hands-on)",F34="Guest Lecture: HR Interview"),6, OR(F34="Soft Skill",F34="Soft Skill (Examination)",F34="AWS Training",F34="AWS Session"),7, OR(ISNUMBER(SEARCH("MAD",F34)),ISNUMBER(SEARCH("STQA",F34)),F34="CI/CD Session"),8, OR(ISNUMBER(SEARCH("Cloud",F34)),F34="Industry Readiness Program",ISNUMBER(SEARCH("Talenlio",F34))),9, OR(ISNUMBER(SEARCH("Innovation",F34)),F34="Mini Project"),10, OR(ISNUMBER(SEARCH("Data Science",F34)),ISNUMBER(SEARCH("DS",F34))),11, ISNUMBER(SEARCH("Generative AI",F34)),12 =_xlfn.IFS( OR(F34="Selenium (Hands-on)",F34="Guest Lecture: HR Interview"),6, OR(F34="Soft Skill",F34="Soft Skill (Examination)",F34="AWS Training",F34="AWS Session"),7, OR(ISNUMBER(SEARCH("MAD",F34)),ISNUMBER(SEARCH("STQA",F34)),F34="CI/CD Session"),8, OR(ISNUMBER(SEARCH("Cloud",F34)),F34="Industry Readiness Program",ISNUMBER(SEARCH("Talenlio",F34))),9, OR(ISNUMBER(SEARCH("Innovation",F34)),F34="Mini Project"),10, OR(ISNUMBER(SEARCH("Data Science",F34)),ISNUMBER(SEARCH("DS",F34))),11, ISNUMBER(SEARCH("Generative AI",F34)),12 =_xlfn.IFS( OR(F34="Selenium (Hands-on)",F34="Guest Lecture: HR Interview"),6, OR(F34="Soft Skill",F34="Soft Skill (Examination)",F34="AWS Training",F34="AWS Session"),7, OR(ISNUMBER(SEARCH("MAD",F34)),ISNUMBER(SEARCH("STQA",F34)),F34="CI/CD Session"),8, OR(ISNUMBER(SEARCH("Cloud",F34)),F34="Industry Readiness Program",ISNUMBER(SEARCH("Talenlio",F34))),9, OR(ISNUMBER(SEARCH("Innovation",F34)),F34="Mini Project"),10, OR(ISNUMBER(SEARCH("Data Science",F34)),ISNUMBER(SEARCH("DS",F34))),11, ISNUMBER(SEARCH("Generative AI",F34)),12 ))))} -> 11 | X34: 2 | Y34: 9 | Z34: Afternoon
A35: 46197 | B35: Wednesday | C35: 1 | D35: 0.35416667 | E35: 0.38541667 | F35: MAD (Mobile Application Development) | G35: OL | H35: III | I35: MCA | J35: A | K35: Computer Lab | L35: 103 | M35: =RANDBETWEEN(40,103) -> 66 | N35: =IF(OR(L35="",M35=""),"",M35/L35*100) -> 64.07767 | O35: {=IFERROR(LOOKUP(2, 1/((F$1:F34=F35)*(J$1:J34=J35)*(ROW(F$1:F34)<ROW(F35))), N$1:N34), "")} -> 41.747573 | P35: =IF(C35=1, 0, IF(AND(A35=A34, J35=J34), ROUND(MAX(0, (D35-E34)*24), 2), 0)) -> 0 | Q35: Practical | R35: No | S35: =IF(OR(ISNUMBER(SEARCH("Guest", F35)), ISNUMBER(SEARCH("Hands-on", F35)), ISNUMBER(SEARCH("Project", F35)), B35="Friday"), "Yes", "No") -> No | T35: No | U35: =IF(MONTH(A35)=6, IF(DAY(A35)<20, "Sunny", "Cloudy"), IF(OR(MONTH(A35)=7, MONTH(A35)=8), "Rainy", "Sunny")) -> Cloudy | V35: No | W35: {=_xlfn.IFS( OR(F35="Selenium (Hands-on)",F35="Guest Lecture: HR Interview"),6, OR(F35="Soft Skill",F35="Soft Skill (Examination)",F35="AWS Training",F35="AWS Session"),7, OR(ISNUMBER(SEARCH("MAD",F35)),ISNUMBER(SEARCH("STQA",F35)),F35="CI/CD Session"),8, OR(ISNUMBER(SEARCH("Cloud",F35)),F35="Industry Readiness Program",ISNUMBER(SEARCH("Talenlio",F35))),9, OR(ISNUMBER(SEARCH("Innovation",F35)),F35="Mini Project"),10, OR(ISNUMBER(SEARCH("Data Science",F35)),ISNUMBER(SEARCH("DS",F35))),11, ISNUMBER(SEARCH("Generative AI",F35)),12 =_xlfn.IFS( OR(F35="Selenium (Hands-on)",F35="Guest Lecture: HR Interview"),6, OR(F35="Soft Skill",F35="Soft Skill (Examination)",F35="AWS Training",F35="AWS Session"),7, OR(ISNUMBER(SEARCH("MAD",F35)),ISNUMBER(SEARCH("STQA",F35)),F35="CI/CD Session"),8, OR(ISNUMBER(SEARCH("Cloud",F35)),F35="Industry Readiness Program",ISNUMBER(SEARCH("Talenlio",F35))),9, OR(ISNUMBER(SEARCH("Innovation",F35)),F35="Mini Project"),10, OR(ISNUMBER(SEARCH("Data Science",F35)),ISNUMBER(SEARCH("DS",F35))),11, ISNUMBER(SEARCH("Generative AI",F35)),12 =_xlfn.IFS( OR(F35="Selenium (Hands-on)",F35="Guest Lecture: HR Interview"),6, OR(F35="Soft Skill",F35="Soft Skill (Examination)",F35="AWS Training",F35="AWS Session"),7, OR(ISNUMBER(SEARCH("MAD",F35)),ISNUMBER(SEARCH("STQA",F35)),F35="CI/CD Session"),8, OR(ISNUMBER(SEARCH("Cloud",F35)),F35="Industry Readiness Program",ISNUMBER(SEARCH("Talenlio",F35))),9, OR(ISNUMBER(SEARCH("Innovation",F35)),F35="Mini Project"),10, OR(ISNUMBER(SEARCH("Data Science",F35)),ISNUMBER(SEARCH("DS",F35))),11, ISNUMBER(SEARCH("Generative AI",F35)),12 =_xlfn.IFS( OR(F35="Selenium (Hands-on)",F35="Guest Lecture: HR Interview"),6, OR(F35="Soft Skill",F35="Soft Skill (Examination)",F35="AWS Training",F35="AWS Session"),7, OR(ISNUMBER(SEARCH("MAD",F35)),ISNUMBER(SEARCH("STQA",F35)),F35="CI/CD Session"),8, OR(ISNUMBER(SEARCH("Cloud",F35)),F35="Industry Readiness Program",ISNUMBER(SEARCH("Talenlio",F35))),9, OR(ISNUMBER(SEARCH("Innovation",F35)),F35="Mini Project"),10, OR(ISNUMBER(SEARCH("Data Science",F35)),ISNUMBER(SEARCH("DS",F35))),11, ISNUMBER(SEARCH("Generative AI",F35)),12 ))))} -> 8 | X35: 2 | Y35: 10 | Z35: Morning
A36: 46197 | B36: Wednesday | C36: 2 | D36: 0.38541667 | E36: 0.42708333 | F36: MAD (Mobile Application Development) | G36: OL | H36: III | I36: MCA | J36: A | K36: Computer Lab | L36: 103 | M36: =RANDBETWEEN(40,103) -> 50 | N36: =IF(OR(L36="",M36=""),"",M36/L36*100) -> 48.543689 | O36: {=IFERROR(LOOKUP(2, 1/((F$1:F35=F36)*(J$1:J35=J36)*(ROW(F$1:F35)<ROW(F36))), N$1:N35), "")} -> 64.07767 | P36: =IF(C36=1, 0, IF(AND(A36=A35, J36=J35), ROUND(MAX(0, (D36-E35)*24), 2), 0)) -> 0 | Q36: Practical | R36: No | S36: =IF(OR(ISNUMBER(SEARCH("Guest", F36)), ISNUMBER(SEARCH("Hands-on", F36)), ISNUMBER(SEARCH("Project", F36)), B36="Friday"), "Yes", "No") -> No | T36: No | U36: =IF(MONTH(A36)=6, IF(DAY(A36)<20, "Sunny", "Cloudy"), IF(OR(MONTH(A36)=7, MONTH(A36)=8), "Rainy", "Sunny")) -> Cloudy | V36: No | W36: {=_xlfn.IFS( OR(F36="Selenium (Hands-on)",F36="Guest Lecture: HR Interview"),6, OR(F36="Soft Skill",F36="Soft Skill (Examination)",F36="AWS Training",F36="AWS Session"),7, OR(ISNUMBER(SEARCH("MAD",F36)),ISNUMBER(SEARCH("STQA",F36)),F36="CI/CD Session"),8, OR(ISNUMBER(SEARCH("Cloud",F36)),F36="Industry Readiness Program",ISNUMBER(SEARCH("Talenlio",F36))),9, OR(ISNUMBER(SEARCH("Innovation",F36)),F36="Mini Project"),10, OR(ISNUMBER(SEARCH("Data Science",F36)),ISNUMBER(SEARCH("DS",F36))),11, ISNUMBER(SEARCH("Generative AI",F36)),12 =_xlfn.IFS( OR(F36="Selenium (Hands-on)",F36="Guest Lecture: HR Interview"),6, OR(F36="Soft Skill",F36="Soft Skill (Examination)",F36="AWS Training",F36="AWS Session"),7, OR(ISNUMBER(SEARCH("MAD",F36)),ISNUMBER(SEARCH("STQA",F36)),F36="CI/CD Session"),8, OR(ISNUMBER(SEARCH("Cloud",F36)),F36="Industry Readiness Program",ISNUMBER(SEARCH("Talenlio",F36))),9, OR(ISNUMBER(SEARCH("Innovation",F36)),F36="Mini Project"),10, OR(ISNUMBER(SEARCH("Data Science",F36)),ISNUMBER(SEARCH("DS",F36))),11, ISNUMBER(SEARCH("Generative AI",F36)),12 =_xlfn.IFS( OR(F36="Selenium (Hands-on)",F36="Guest Lecture: HR Interview"),6, OR(F36="Soft Skill",F36="Soft Skill (Examination)",F36="AWS Training",F36="AWS Session"),7, OR(ISNUMBER(SEARCH("MAD",F36)),ISNUMBER(SEARCH("STQA",F36)),F36="CI/CD Session"),8, OR(ISNUMBER(SEARCH("Cloud",F36)),F36="Industry Readiness Program",ISNUMBER(SEARCH("Talenlio",F36))),9, OR(ISNUMBER(SEARCH("Innovation",F36)),F36="Mini Project"),10, OR(ISNUMBER(SEARCH("Data Science",F36)),ISNUMBER(SEARCH("DS",F36))),11, ISNUMBER(SEARCH("Generative AI",F36)),12 =_xlfn.IFS( OR(F36="Selenium (Hands-on)",F36="Guest Lecture: HR Interview"),6, OR(F36="Soft Skill",F36="Soft Skill (Examination)",F36="AWS Training",F36="AWS Session"),7, OR(ISNUMBER(SEARCH("MAD",F36)),ISNUMBER(SEARCH("STQA",F36)),F36="CI/CD Session"),8, OR(ISNUMBER(SEARCH("Cloud",F36)),F36="Industry Readiness Program",ISNUMBER(SEARCH("Talenlio",F36))),9, OR(ISNUMBER(SEARCH("Innovation",F36)),F36="Mini Project"),10, OR(ISNUMBER(SEARCH("Data Science",F36)),ISNUMBER(SEARCH("DS",F36))),11, ISNUMBER(SEARCH("Generative AI",F36)),12 ))))} -> 8 | X36: 2 | Y36: 10 | Z36: Morning
A37: 46197 | B37: Wednesday | C37: 3 | D37: 0.42708333 | E37: 0.46875 | F37: Software Testing and Quality Assurance | G37: DPY | H37: III | I37: MCA | J37: A | K37: Computer Lab | L37: 103 | M37: =RANDBETWEEN(40,103) -> 97 | N37: =IF(OR(L37="",M37=""),"",M37/L37*100) -> 94.174757 | O37: 98.245442 | P37: =IF(C37=1, 0, IF(AND(A37=A36, J37=J36), ROUND(MAX(0, (D37-E36)*24), 2), 0)) -> 0 | Q37: Theory | R37: No | S37: =IF(OR(ISNUMBER(SEARCH("Guest", F37)), ISNUMBER(SEARCH("Hands-on", F37)), ISNUMBER(SEARCH("Project", F37)), B37="Friday"), "Yes", "No") -> No | T37: No | U37: =IF(MONTH(A37)=6, IF(DAY(A37)<20, "Sunny", "Cloudy"), IF(OR(MONTH(A37)=7, MONTH(A37)=8), "Rainy", "Sunny")) -> Cloudy | V37: No | W37: 7 | X37: 2 | Y37: 10 | Z37: Morning
A38: 46197 | B38: Wednesday | C38: 4 | D38: 0.46875 | E38: 0.51041667 | F38: Principles of Cloud Management and Security | G38: SDM | H38: III | I38: MCA | J38: A | K38: Computer Lab | L38: 103 | M38: =RANDBETWEEN(40,103) -> 52 | N38: =IF(OR(L38="",M38=""),"",M38/L38*100) -> 50.485437 | O38: {=IFERROR(LOOKUP(2, 1/((F$1:F37=F38)*(J$1:J37=J38)*(ROW(F$1:F37)<ROW(F38))), N$1:N37), "")} -> 70.873786 | P38: =IF(C38=1, 0, IF(AND(A38=A37, J38=J37), ROUND(MAX(0, (D38-E37)*24), 2), 0)) -> 0 | Q38: Theory | R38: No | S38: =IF(OR(ISNUMBER(SEARCH("Guest", F38)), ISNUMBER(SEARCH("Hands-on", F38)), ISNUMBER(SEARCH("Project", F38)), B38="Friday"), "Yes", "No") -> No | T38: No | U38: =IF(MONTH(A38)=6, IF(DAY(A38)<20, "Sunny", "Cloudy"), IF(OR(MONTH(A38)=7, MONTH(A38)=8), "Rainy", "Sunny")) -> Cloudy | V38: No | W38: {=_xlfn.IFS( OR(F38="Selenium (Hands-on)",F38="Guest Lecture: HR Interview"),6, OR(F38="Soft Skill",F38="Soft Skill (Examination)",F38="AWS Training",F38="AWS Session"),7, OR(ISNUMBER(SEARCH("MAD",F38)),ISNUMBER(SEARCH("STQA",F38)),F38="CI/CD Session"),8, OR(ISNUMBER(SEARCH("Cloud",F38)),F38="Industry Readiness Program",ISNUMBER(SEARCH("Talenlio",F38))),9, OR(ISNUMBER(SEARCH("Innovation",F38)),F38="Mini Project"),10, OR(ISNUMBER(SEARCH("Data Science",F38)),ISNUMBER(SEARCH("DS",F38))),11, ISNUMBER(SEARCH("Generative AI",F38)),12 =_xlfn.IFS( OR(F38="Selenium (Hands-on)",F38="Guest Lecture: HR Interview"),6, OR(F38="Soft Skill",F38="Soft Skill (Examination)",F38="AWS Training",F38="AWS Session"),7, OR(ISNUMBER(SEARCH("MAD",F38)),ISNUMBER(SEARCH("STQA",F38)),F38="CI/CD Session"),8, OR(ISNUMBER(SEARCH("Cloud",F38)),F38="Industry Readiness Program",ISNUMBER(SEARCH("Talenlio",F38))),9, OR(ISNUMBER(SEARCH("Innovation",F38)),F38="Mini Project"),10, OR(ISNUMBER(SEARCH("Data Science",F38)),ISNUMBER(SEARCH("DS",F38))),11, ISNUMBER(SEARCH("Generative AI",F38)),12 =_xlfn.IFS( OR(F38="Selenium (Hands-on)",F38="Guest Lecture: HR Interview"),6, OR(F38="Soft Skill",F38="Soft Skill (Examination)",F38="AWS Training",F38="AWS Session"),7, OR(ISNUMBER(SEARCH("MAD",F38)),ISNUMBER(SEARCH("STQA",F38)),F38="CI/CD Session"),8, OR(ISNUMBER(SEARCH("Cloud",F38)),F38="Industry Readiness Program",ISNUMBER(SEARCH("Talenlio",F38))),9, OR(ISNUMBER(SEARCH("Innovation",F38)),F38="Mini Project"),10, OR(ISNUMBER(SEARCH("Data Science",F38)),ISNUMBER(SEARCH("DS",F38))),11, ISNUMBER(SEARCH("Generative AI",F38)),12 =_xlfn.IFS( OR(F38="Selenium (Hands-on)",F38="Guest Lecture: HR Interview"),6, OR(F38="Soft Skill",F38="Soft Skill (Examination)",F38="AWS Training",F38="AWS Session"),7, OR(ISNUMBER(SEARCH("MAD",F38)),ISNUMBER(SEARCH("STQA",F38)),F38="CI/CD Session"),8, OR(ISNUMBER(SEARCH("Cloud",F38)),F38="Industry Readiness Program",ISNUMBER(SEARCH("Talenlio",F38))),9, OR(ISNUMBER(SEARCH("Innovation",F38)),F38="Mini Project"),10, OR(ISNUMBER(SEARCH("Data Science",F38)),ISNUMBER(SEARCH("DS",F38))),11, ISNUMBER(SEARCH("Generative AI",F38)),12 ))))} -> 9 | X38: 2 | Y38: 10 | Z38: Morning
A39: 46197 | B39: Wednesday | C39: 5 | D39: 0.5625 | E39: 0.60416667 | F39: Innovation and Entrepreneurship Development | G39: JSP | H39: III | I39: MCA | J39: A | K39: Computer Lab | L39: 103 | M39: =RANDBETWEEN(40,103) -> 82 | N39: =IF(OR(L39="",M39=""),"",M39/L39*100) -> 79.61165 | O39: {=IFERROR(LOOKUP(2, 1/((F$1:F38=F39)*(J$1:J38=J39)*(ROW(F$1:F38)<ROW(F39))), N$1:N38), "")} -> 90.291262 | P39: =IF(C39=1, 0, IF(AND(A39=A38, J39=J38), ROUND(MAX(0, (D39-E38)*24), 2), 0)) -> 1.25 | Q39: Theory | R39: No | S39: =IF(OR(ISNUMBER(SEARCH("Guest", F39)), ISNUMBER(SEARCH("Hands-on", F39)), ISNUMBER(SEARCH("Project", F39)), B39="Friday"), "Yes", "No") -> No | T39: No | U39: =IF(MONTH(A39)=6, IF(DAY(A39)<20, "Sunny", "Cloudy"), IF(OR(MONTH(A39)=7, MONTH(A39)=8), "Rainy", "Sunny")) -> Cloudy | V39: No | W39: {=_xlfn.IFS( OR(F39="Selenium (Hands-on)",F39="Guest Lecture: HR Interview"),6, OR(F39="Soft Skill",F39="Soft Skill (Examination)",F39="AWS Training",F39="AWS Session"),7, OR(ISNUMBER(SEARCH("MAD",F39)),ISNUMBER(SEARCH("STQA",F39)),F39="CI/CD Session"),8, OR(ISNUMBER(SEARCH("Cloud",F39)),F39="Industry Readiness Program",ISNUMBER(SEARCH("Talenlio",F39))),9, OR(ISNUMBER(SEARCH("Innovation",F39)),F39="Mini Project"),10, OR(ISNUMBER(SEARCH("Data Science",F39)),ISNUMBER(SEARCH("DS",F39))),11, ISNUMBER(SEARCH("Generative AI",F39)),12 =_xlfn.IFS( OR(F39="Selenium (Hands-on)",F39="Guest Lecture: HR Interview"),6, OR(F39="Soft Skill",F39="Soft Skill (Examination)",F39="AWS Training",F39="AWS Session"),7, OR(ISNUMBER(SEARCH("MAD",F39)),ISNUMBER(SEARCH("STQA",F39)),F39="CI/CD Session"),8, OR(ISNUMBER(SEARCH("Cloud",F39)),F39="Industry Readiness Program",ISNUMBER(SEARCH("Talenlio",F39))),9, OR(ISNUMBER(SEARCH("Innovation",F39)),F39="Mini Project"),10, OR(ISNUMBER(SEARCH("Data Science",F39)),ISNUMBER(SEARCH("DS",F39))),11, ISNUMBER(SEARCH("Generative AI",F39)),12 =_xlfn.IFS( OR(F39="Selenium (Hands-on)",F39="Guest Lecture: HR Interview"),6, OR(F39="Soft Skill",F39="Soft Skill (Examination)",F39="AWS Training",F39="AWS Session"),7, OR(ISNUMBER(SEARCH("MAD",F39)),ISNUMBER(SEARCH("STQA",F39)),F39="CI/CD Session"),8, OR(ISNUMBER(SEARCH("Cloud",F39)),F39="Industry Readiness Program",ISNUMBER(SEARCH("Talenlio",F39))),9, OR(ISNUMBER(SEARCH("Innovation",F39)),F39="Mini Project"),10, OR(ISNUMBER(SEARCH("Data Science",F39)),ISNUMBER(SEARCH("DS",F39))),11, ISNUMBER(SEARCH("Generative AI",F39)),12 =_xlfn.IFS( OR(F39="Selenium (Hands-on)",F39="Guest Lecture: HR Interview"),6, OR(F39="Soft Skill",F39="Soft Skill (Examination)",F39="AWS Training",F39="AWS Session"),7, OR(ISNUMBER(SEARCH("MAD",F39)),ISNUMBER(SEARCH("STQA",F39)),F39="CI/CD Session"),8, OR(ISNUMBER(SEARCH("Cloud",F39)),F39="Industry Readiness Program",ISNUMBER(SEARCH("Talenlio",F39))),9, OR(ISNUMBER(SEARCH("Innovation",F39)),F39="Mini Project"),10, OR(ISNUMBER(SEARCH("Data Science",F39)),ISNUMBER(SEARCH("DS",F39))),11, ISNUMBER(SEARCH("Generative AI",F39)),12 ))))} -> 10 | X39: 2 | Y39: 10 | Z39: Afternoon
A40: 46197 | B40: Wednesday | C40: 6 | D40: 0.60416667 | E40: 0.64583333 | F40: Innovation and Entrepreneurship Development | G40: JSP | H40: III | I40: MCA | J40: A | K40: Computer Lab | L40: 103 | M40: =RANDBETWEEN(40,103) -> 76 | N40: =IF(OR(L40="",M40=""),"",M40/L40*100) -> 73.786408 | O40: {=IFERROR(LOOKUP(2, 1/((F$1:F39=F40)*(J$1:J39=J40)*(ROW(F$1:F39)<ROW(F40))), N$1:N39), "")} -> 79.61165 | P40: =IF(C40=1, 0, IF(AND(A40=A39, J40=J39), ROUND(MAX(0, (D40-E39)*24), 2), 0)) -> 0 | Q40: Theory | R40: No | S40: =IF(OR(ISNUMBER(SEARCH("Guest", F40)), ISNUMBER(SEARCH("Hands-on", F40)), ISNUMBER(SEARCH("Project", F40)), B40="Friday"), "Yes", "No") -> No | T40: No | U40: =IF(MONTH(A40)=6, IF(DAY(A40)<20, "Sunny", "Cloudy"), IF(OR(MONTH(A40)=7, MONTH(A40)=8), "Rainy", "Sunny")) -> Cloudy | V40: No | W40: {=_xlfn.IFS( OR(F40="Selenium (Hands-on)",F40="Guest Lecture: HR Interview"),6, OR(F40="Soft Skill",F40="Soft Skill (Examination)",F40="AWS Training",F40="AWS Session"),7, OR(ISNUMBER(SEARCH("MAD",F40)),ISNUMBER(SEARCH("STQA",F40)),F40="CI/CD Session"),8, OR(ISNUMBER(SEARCH("Cloud",F40)),F40="Industry Readiness Program",ISNUMBER(SEARCH("Talenlio",F40))),9, OR(ISNUMBER(SEARCH("Innovation",F40)),F40="Mini Project"),10, OR(ISNUMBER(SEARCH("Data Science",F40)),ISNUMBER(SEARCH("DS",F40))),11, ISNUMBER(SEARCH("Generative AI",F40)),12 =_xlfn.IFS( OR(F40="Selenium (Hands-on)",F40="Guest Lecture: HR Interview"),6, OR(F40="Soft Skill",F40="Soft Skill (Examination)",F40="AWS Training",F40="AWS Session"),7, OR(ISNUMBER(SEARCH("MAD",F40)),ISNUMBER(SEARCH("STQA",F40)),F40="CI/CD Session"),8, OR(ISNUMBER(SEARCH("Cloud",F40)),F40="Industry Readiness Program",ISNUMBER(SEARCH("Talenlio",F40))),9, OR(ISNUMBER(SEARCH("Innovation",F40)),F40="Mini Project"),10, OR(ISNUMBER(SEARCH("Data Science",F40)),ISNUMBER(SEARCH("DS",F40))),11, ISNUMBER(SEARCH("Generative AI",F40)),12 =_xlfn.IFS( OR(F40="Selenium (Hands-on)",F40="Guest Lecture: HR Interview"),6, OR(F40="Soft Skill",F40="Soft Skill (Examination)",F40="AWS Training",F40="AWS Session"),7, OR(ISNUMBER(SEARCH("MAD",F40)),ISNUMBER(SEARCH("STQA",F40)),F40="CI/CD Session"),8, OR(ISNUMBER(SEARCH("Cloud",F40)),F40="Industry Readiness Program",ISNUMBER(SEARCH("Talenlio",F40))),9, OR(ISNUMBER(SEARCH("Innovation",F40)),F40="Mini Project"),10, OR(ISNUMBER(SEARCH("Data Science",F40)),ISNUMBER(SEARCH("DS",F40))),11, ISNUMBER(SEARCH("Generative AI",F40)),12 =_xlfn.IFS( OR(F40="Selenium (Hands-on)",F40="Guest Lecture: HR Interview"),6, OR(F40="Soft Skill",F40="Soft Skill (Examination)",F40="AWS Training",F40="AWS Session"),7, OR(ISNUMBER(SEARCH("MAD",F40)),ISNUMBER(SEARCH("STQA",F40)),F40="CI/CD Session"),8, OR(ISNUMBER(SEARCH("Cloud",F40)),F40="Industry Readiness Program",ISNUMBER(SEARCH("Talenlio",F40))),9, OR(ISNUMBER(SEARCH("Innovation",F40)),F40="Mini Project"),10, OR(ISNUMBER(SEARCH("Data Science",F40)),ISNUMBER(SEARCH("DS",F40))),11, ISNUMBER(SEARCH("Generative AI",F40)),12 ))))} -> 10 | X40: 2 | Y40: 10 | Z40: Afternoon
A41: 46198 | B41: Thursday | C41: 1 | D41: 0.35416667 | E41: 0.38541667 | F41: MAD (Mobile Application Development) | G41: OL | H41: III | I41: MCA | J41: A | K41: Computer Lab | L41: 103 | M41: =RANDBETWEEN(40,103) -> 72 | N41: =IF(OR(L41="",M41=""),"",M41/L41*100) -> 69.902913 | O41: {=IFERROR(LOOKUP(2, 1/((F$1:F40=F41)*(J$1:J40=J41)*(ROW(F$1:F40)<ROW(F41))), N$1:N40), "")} -> 48.543689 | P41: =IF(C41=1, 0, IF(AND(A41=A40, J41=J40), ROUND(MAX(0, (D41-E40)*24), 2), 0)) -> 0 | Q41: Practical | R41: No | S41: =IF(OR(ISNUMBER(SEARCH("Guest", F41)), ISNUMBER(SEARCH("Hands-on", F41)), ISNUMBER(SEARCH("Project", F41)), B41="Friday"), "Yes", "No") -> No | T41: Yes | U41: =IF(MONTH(A41)=6, IF(DAY(A41)<20, "Sunny", "Cloudy"), IF(OR(MONTH(A41)=7, MONTH(A41)=8), "Rainy", "Sunny")) -> Cloudy | V41: No | W41: {=_xlfn.IFS( OR(F41="Selenium (Hands-on)",F41="Guest Lecture: HR Interview"),6, OR(F41="Soft Skill",F41="Soft Skill (Examination)",F41="AWS Training",F41="AWS Session"),7, OR(ISNUMBER(SEARCH("MAD",F41)),ISNUMBER(SEARCH("STQA",F41)),F41="CI/CD Session"),8, OR(ISNUMBER(SEARCH("Cloud",F41)),F41="Industry Readiness Program",ISNUMBER(SEARCH("Talenlio",F41))),9, OR(ISNUMBER(SEARCH("Innovation",F41)),F41="Mini Project"),10, OR(ISNUMBER(SEARCH("Data Science",F41)),ISNUMBER(SEARCH("DS",F41))),11, ISNUMBER(SEARCH("Generative AI",F41)),12 =_xlfn.IFS( OR(F41="Selenium (Hands-on)",F41="Guest Lecture: HR Interview"),6, OR(F41="Soft Skill",F41="Soft Skill (Examination)",F41="AWS Training",F41="AWS Session"),7, OR(ISNUMBER(SEARCH("MAD",F41)),ISNUMBER(SEARCH("STQA",F41)),F41="CI/CD Session"),8, OR(ISNUMBER(SEARCH("Cloud",F41)),F41="Industry Readiness Program",ISNUMBER(SEARCH("Talenlio",F41))),9, OR(ISNUMBER(SEARCH("Innovation",F41)),F41="Mini Project"),10, OR(ISNUMBER(SEARCH("Data Science",F41)),ISNUMBER(SEARCH("DS",F41))),11, ISNUMBER(SEARCH("Generative AI",F41)),12 =_xlfn.IFS( OR(F41="Selenium (Hands-on)",F41="Guest Lecture: HR Interview"),6, OR(F41="Soft Skill",F41="Soft Skill (Examination)",F41="AWS Training",F41="AWS Session"),7, OR(ISNUMBER(SEARCH("MAD",F41)),ISNUMBER(SEARCH("STQA",F41)),F41="CI/CD Session"),8, OR(ISNUMBER(SEARCH("Cloud",F41)),F41="Industry Readiness Program",ISNUMBER(SEARCH("Talenlio",F41))),9, OR(ISNUMBER(SEARCH("Innovation",F41)),F41="Mini Project"),10, OR(ISNUMBER(SEARCH("Data Science",F41)),ISNUMBER(SEARCH("DS",F41))),11, ISNUMBER(SEARCH("Generative AI",F41)),12 =_xlfn.IFS( OR(F41="Selenium (Hands-on)",F41="Guest Lecture: HR Interview"),6, OR(F41="Soft Skill",F41="Soft Skill (Examination)",F41="AWS Training",F41="AWS Session"),7, OR(ISNUMBER(SEARCH("MAD",F41)),ISNUMBER(SEARCH("STQA",F41)),F41="CI/CD Session"),8, OR(ISNUMBER(SEARCH("Cloud",F41)),F41="Industry Readiness Program",ISNUMBER(SEARCH("Talenlio",F41))),9, OR(ISNUMBER(SEARCH("Innovation",F41)),F41="Mini Project"),10, OR(ISNUMBER(SEARCH("Data Science",F41)),ISNUMBER(SEARCH("DS",F41))),11, ISNUMBER(SEARCH("Generative AI",F41)),12 ))))} -> 8 | X41: 2 | Y41: 11 | Z41: Morning
A42: 46198 | B42: Thursday | C42: 2 | D42: 0.38541667 | E42: 0.42708333 | F42: MAD (Mobile Application Development) | G42: OL | H42: III | I42: MCA | J42: A | K42: Computer Lab | L42: 103 | M42: =RANDBETWEEN(40,103) -> 79 | N42: =IF(OR(L42="",M42=""),"",M42/L42*100) -> 76.699029 | O42: {=IFERROR(LOOKUP(2, 1/((F$1:F41=F42)*(J$1:J41=J42)*(ROW(F$1:F41)<ROW(F42))), N$1:N41), "")} -> 69.902913 | P42: =IF(C42=1, 0, IF(AND(A42=A41, J42=J41), ROUND(MAX(0, (D42-E41)*24), 2), 0)) -> 0 | Q42: Practical | R42: No | S42: =IF(OR(ISNUMBER(SEARCH("Guest", F42)), ISNUMBER(SEARCH("Hands-on", F42)), ISNUMBER(SEARCH("Project", F42)), B42="Friday"), "Yes", "No") -> No | T42: Yes | U42: =IF(MONTH(A42)=6, IF(DAY(A42)<20, "Sunny", "Cloudy"), IF(OR(MONTH(A42)=7, MONTH(A42)=8), "Rainy", "Sunny")) -> Cloudy | V42: No | W42: {=_xlfn.IFS( OR(F42="Selenium (Hands-on)",F42="Guest Lecture: HR Interview"),6, OR(F42="Soft Skill",F42="Soft Skill (Examination)",F42="AWS Training",F42="AWS Session"),7, OR(ISNUMBER(SEARCH("MAD",F42)),ISNUMBER(SEARCH("STQA",F42)),F42="CI/CD Session"),8, OR(ISNUMBER(SEARCH("Cloud",F42)),F42="Industry Readiness Program",ISNUMBER(SEARCH("Talenlio",F42))),9, OR(ISNUMBER(SEARCH("Innovation",F42)),F42="Mini Project"),10, OR(ISNUMBER(SEARCH("Data Science",F42)),ISNUMBER(SEARCH("DS",F42))),11, ISNUMBER(SEARCH("Generative AI",F42)),12 =_xlfn.IFS( OR(F42="Selenium (Hands-on)",F42="Guest Lecture: HR Interview"),6, OR(F42="Soft Skill",F42="Soft Skill (Examination)",F42="AWS Training",F42="AWS Session"),7, OR(ISNUMBER(SEARCH("MAD",F42)),ISNUMBER(SEARCH("STQA",F42)),F42="CI/CD Session"),8, OR(ISNUMBER(SEARCH("Cloud",F42)),F42="Industry Readiness Program",ISNUMBER(SEARCH("Talenlio",F42))),9, OR(ISNUMBER(SEARCH("Innovation",F42)),F42="Mini Project"),10, OR(ISNUMBER(SEARCH("Data Science",F42)),ISNUMBER(SEARCH("DS",F42))),11, ISNUMBER(SEARCH("Generative AI",F42)),12 =_xlfn.IFS( OR(F42="Selenium (Hands-on)",F42="Guest Lecture: HR Interview"),6, OR(F42="Soft Skill",F42="Soft Skill (Examination)",F42="AWS Training",F42="AWS Session"),7, OR(ISNUMBER(SEARCH("MAD",F42)),ISNUMBER(SEARCH("STQA",F42)),F42="CI/CD Session"),8, OR(ISNUMBER(SEARCH("Cloud",F42)),F42="Industry Readiness Program",ISNUMBER(SEARCH("Talenlio",F42))),9, OR(ISNUMBER(SEARCH("Innovation",F42)),F42="Mini Project"),10, OR(ISNUMBER(SEARCH("Data Science",F42)),ISNUMBER(SEARCH("DS",F42))),11, ISNUMBER(SEARCH("Generative AI",F42)),12 =_xlfn.IFS( OR(F42="Selenium (Hands-on)",F42="Guest Lecture: HR Interview"),6, OR(F42="Soft Skill",F42="Soft Skill (Examination)",F42="AWS Training",F42="AWS Session"),7, OR(ISNUMBER(SEARCH("MAD",F42)),ISNUMBER(SEARCH("STQA",F42)),F42="CI/CD Session"),8, OR(ISNUMBER(SEARCH("Cloud",F42)),F42="Industry Readiness Program",ISNUMBER(SEARCH("Talenlio",F42))),9, OR(ISNUMBER(SEARCH("Innovation",F42)),F42="Mini Project"),10, OR(ISNUMBER(SEARCH("Data Science",F42)),ISNUMBER(SEARCH("DS",F42))),11, ISNUMBER(SEARCH("Generative AI",F42)),12 ))))} -> 8 | X42: 2 | Y42: 11 | Z42: Morning
A43: 46198 | B43: Thursday | C43: 3 | D43: 0.42708333 | E43: 0.46875 | F43: Data Science & Machine Learning | G43: MLK | H43: III | I43: MCA | J43: A | K43: Computer Lab | L43: 103 | M43: =RANDBETWEEN(40,103) -> 60 | N43: =IF(OR(L43="",M43=""),"",M43/L43*100) -> 58.252427 | O43: {=IFERROR(LOOKUP(2, 1/((F$1:F42=F43)*(J$1:J42=J43)*(ROW(F$1:F42)<ROW(F43))), N$1:N42), "")} -> 54.368932 | P43: =IF(C43=1, 0, IF(AND(A43=A42, J43=J42), ROUND(MAX(0, (D43-E42)*24), 2), 0)) -> 0 | Q43: Theory | R43: No | S43: =IF(OR(ISNUMBER(SEARCH("Guest", F43)), ISNUMBER(SEARCH("Hands-on", F43)), ISNUMBER(SEARCH("Project", F43)), B43="Friday"), "Yes", "No") -> No | T43: Yes | U43: =IF(MONTH(A43)=6, IF(DAY(A43)<20, "Sunny", "Cloudy"), IF(OR(MONTH(A43)=7, MONTH(A43)=8), "Rainy", "Sunny")) -> Cloudy | V43: No | W43: {=_xlfn.IFS( OR(F43="Selenium (Hands-on)",F43="Guest Lecture: HR Interview"),6, OR(F43="Soft Skill",F43="Soft Skill (Examination)",F43="AWS Training",F43="AWS Session"),7, OR(ISNUMBER(SEARCH("MAD",F43)),ISNUMBER(SEARCH("STQA",F43)),F43="CI/CD Session"),8, OR(ISNUMBER(SEARCH("Cloud",F43)),F43="Industry Readiness Program",ISNUMBER(SEARCH("Talenlio",F43))),9, OR(ISNUMBER(SEARCH("Innovation",F43)),F43="Mini Project"),10, OR(ISNUMBER(SEARCH("Data Science",F43)),ISNUMBER(SEARCH("DS",F43))),11, ISNUMBER(SEARCH("Generative AI",F43)),12 =_xlfn.IFS( OR(F43="Selenium (Hands-on)",F43="Guest Lecture: HR Interview"),6, OR(F43="Soft Skill",F43="Soft Skill (Examination)",F43="AWS Training",F43="AWS Session"),7, OR(ISNUMBER(SEARCH("MAD",F43)),ISNUMBER(SEARCH("STQA",F43)),F43="CI/CD Session"),8, OR(ISNUMBER(SEARCH("Cloud",F43)),F43="Industry Readiness Program",ISNUMBER(SEARCH("Talenlio",F43))),9, OR(ISNUMBER(SEARCH("Innovation",F43)),F43="Mini Project"),10, OR(ISNUMBER(SEARCH("Data Science",F43)),ISNUMBER(SEARCH("DS",F43))),11, ISNUMBER(SEARCH("Generative AI",F43)),12 =_xlfn.IFS( OR(F43="Selenium (Hands-on)",F43="Guest Lecture: HR Interview"),6, OR(F43="Soft Skill",F43="Soft Skill (Examination)",F43="AWS Training",F43="AWS Session"),7, OR(ISNUMBER(SEARCH("MAD",F43)),ISNUMBER(SEARCH("STQA",F43)),F43="CI/CD Session"),8, OR(ISNUMBER(SEARCH("Cloud",F43)),F43="Industry Readiness Program",ISNUMBER(SEARCH("Talenlio",F43))),9, OR(ISNUMBER(SEARCH("Innovation",F43)),F43="Mini Project"),10, OR(ISNUMBER(SEARCH("Data Science",F43)),ISNUMBER(SEARCH("DS",F43))),11, ISNUMBER(SEARCH("Generative AI",F43)),12 =_xlfn.IFS( OR(F43="Selenium (Hands-on)",F43="Guest Lecture: HR Interview"),6, OR(F43="Soft Skill",F43="Soft Skill (Examination)",F43="AWS Training",F43="AWS Session"),7, OR(ISNUMBER(SEARCH("MAD",F43)),ISNUMBER(SEARCH("STQA",F43)),F43="CI/CD Session"),8, OR(ISNUMBER(SEARCH("Cloud",F43)),F43="Industry Readiness Program",ISNUMBER(SEARCH("Talenlio",F43))),9, OR(ISNUMBER(SEARCH("Innovation",F43)),F43="Mini Project"),10, OR(ISNUMBER(SEARCH("Data Science",F43)),ISNUMBER(SEARCH("DS",F43))),11, ISNUMBER(SEARCH("Generative AI",F43)),12 ))))} -> 11 | X43: 2 | Y43: 11 | Z43: Morning
A44: 46198 | B44: Thursday | C44: 4 | D44: 0.46875 | E44: 0.51041667 | F44: Software Testing and Quality Assurance | G44: DPY | H44: III | I44: MCA | J44: A | K44: Computer Lab | L44: 103 | M44: =RANDBETWEEN(40,103) -> 55 | N44: =IF(OR(L44="",M44=""),"",M44/L44*100) -> 53.398058 | O44: {=IFERROR(LOOKUP(2, 1/((F$1:F43=F44)*(J$1:J43=J44)*(ROW(F$1:F43)<ROW(F44))), N$1:N43), "")} -> 94.174757 | P44: =IF(C44=1, 0, IF(AND(A44=A43, J44=J43), ROUND(MAX(0, (D44-E43)*24), 2), 0)) -> 0 | Q44: Theory | R44: No | S44: =IF(OR(ISNUMBER(SEARCH("Guest", F44)), ISNUMBER(SEARCH("Hands-on", F44)), ISNUMBER(SEARCH("Project", F44)), B44="Friday"), "Yes", "No") -> No | T44: Yes | U44: =IF(MONTH(A44)=6, IF(DAY(A44)<20, "Sunny", "Cloudy"), IF(OR(MONTH(A44)=7, MONTH(A44)=8), "Rainy", "Sunny")) -> Cloudy | V44: No | W44: 7 | X44: 2 | Y44: 11 | Z44: Morning
A45: 46198 | B45: Thursday | C45: 5 | D45: 0.5625 | E45: 0.60416667 | F45: Industry Readiness Program | G45: VSN | H45: III | I45: MCA | J45: A | K45: Computer Lab | L45: 103 | M45: =RANDBETWEEN(40,103) -> 57 | N45: =IF(OR(L45="",M45=""),"",M45/L45*100) -> 55.339806 | O45: 83.465219 | P45: =IF(C45=1, 0, IF(AND(A45=A44, J45=J44), ROUND(MAX(0, (D45-E44)*24), 2), 0)) -> 1.25 | Q45: Theory | R45: No | S45: =IF(OR(ISNUMBER(SEARCH("Guest", F45)), ISNUMBER(SEARCH("Hands-on", F45)), ISNUMBER(SEARCH("Project", F45)), B45="Friday"), "Yes", "No") -> No | T45: Yes | U45: =IF(MONTH(A45)=6, IF(DAY(A45)<20, "Sunny", "Cloudy"), IF(OR(MONTH(A45)=7, MONTH(A45)=8), "Rainy", "Sunny")) -> Cloudy | V45: No | W45: {=_xlfn.IFS( OR(F45="Selenium (Hands-on)",F45="Guest Lecture: HR Interview"),6, OR(F45="Soft Skill",F45="Soft Skill (Examination)",F45="AWS Training",F45="AWS Session"),7, OR(ISNUMBER(SEARCH("MAD",F45)),ISNUMBER(SEARCH("STQA",F45)),F45="CI/CD Session"),8, OR(ISNUMBER(SEARCH("Cloud",F45)),F45="Industry Readiness Program",ISNUMBER(SEARCH("Talenlio",F45))),9, OR(ISNUMBER(SEARCH("Innovation",F45)),F45="Mini Project"),10, OR(ISNUMBER(SEARCH("Data Science",F45)),ISNUMBER(SEARCH("DS",F45))),11, ISNUMBER(SEARCH("Generative AI",F45)),12 =_xlfn.IFS( OR(F45="Selenium (Hands-on)",F45="Guest Lecture: HR Interview"),6, OR(F45="Soft Skill",F45="Soft Skill (Examination)",F45="AWS Training",F45="AWS Session"),7, OR(ISNUMBER(SEARCH("MAD",F45)),ISNUMBER(SEARCH("STQA",F45)),F45="CI/CD Session"),8, OR(ISNUMBER(SEARCH("Cloud",F45)),F45="Industry Readiness Program",ISNUMBER(SEARCH("Talenlio",F45))),9, OR(ISNUMBER(SEARCH("Innovation",F45)),F45="Mini Project"),10, OR(ISNUMBER(SEARCH("Data Science",F45)),ISNUMBER(SEARCH("DS",F45))),11, ISNUMBER(SEARCH("Generative AI",F45)),12 =_xlfn.IFS( OR(F45="Selenium (Hands-on)",F45="Guest Lecture: HR Interview"),6, OR(F45="Soft Skill",F45="Soft Skill (Examination)",F45="AWS Training",F45="AWS Session"),7, OR(ISNUMBER(SEARCH("MAD",F45)),ISNUMBER(SEARCH("STQA",F45)),F45="CI/CD Session"),8, OR(ISNUMBER(SEARCH("Cloud",F45)),F45="Industry Readiness Program",ISNUMBER(SEARCH("Talenlio",F45))),9, OR(ISNUMBER(SEARCH("Innovation",F45)),F45="Mini Project"),10, OR(ISNUMBER(SEARCH("Data Science",F45)),ISNUMBER(SEARCH("DS",F45))),11, ISNUMBER(SEARCH("Generative AI",F45)),12 =_xlfn.IFS( OR(F45="Selenium (Hands-on)",F45="Guest Lecture: HR Interview"),6, OR(F45="Soft Skill",F45="Soft Skill (Examination)",F45="AWS Training",F45="AWS Session"),7, OR(ISNUMBER(SEARCH("MAD",F45)),ISNUMBER(SEARCH("STQA",F45)),F45="CI/CD Session"),8, OR(ISNUMBER(SEARCH("Cloud",F45)),F45="Industry Readiness Program",ISNUMBER(SEARCH("Talenlio",F45))),9, OR(ISNUMBER(SEARCH("Innovation",F45)),F45="Mini Project"),10, OR(ISNUMBER(SEARCH("Data Science",F45)),ISNUMBER(SEARCH("DS",F45))),11, ISNUMBER(SEARCH("Generative AI",F45)),12 ))))} -> 9 | X45: 2 | Y45: 11 | Z45: Afternoon
A46: 46198 | B46: Thursday | C46: 6 | D46: 0.60416667 | E46: 0.64583333 | F46: Industry Readiness Program | G46: VSN | H46: III | I46: MCA | J46: A | K46: Computer Lab | L46: 103 | M46: =RANDBETWEEN(40,103) -> 64 | N46: =IF(OR(L46="",M46=""),"",M46/L46*100) -> 62.135922 | O46: {=IFERROR(LOOKUP(2, 1/((F$1:F45=F46)*(J$1:J45=J46)*(ROW(F$1:F45)<ROW(F46))), N$1:N45), "")} -> 55.339806 | P46: =IF(C46=1, 0, IF(AND(A46=A45, J46=J45), ROUND(MAX(0, (D46-E45)*24), 2), 0)) -> 0 | Q46: Theory | R46: No | S46: =IF(OR(ISNUMBER(SEARCH("Guest", F46)), ISNUMBER(SEARCH("Hands-on", F46)), ISNUMBER(SEARCH("Project", F46)), B46="Friday"), "Yes", "No") -> No | T46: Yes | U46: =IF(MONTH(A46)=6, IF(DAY(A46)<20, "Sunny", "Cloudy"), IF(OR(MONTH(A46)=7, MONTH(A46)=8), "Rainy", "Sunny")) -> Cloudy | V46: No | W46: {=_xlfn.IFS( OR(F46="Selenium (Hands-on)",F46="Guest Lecture: HR Interview"),6, OR(F46="Soft Skill",F46="Soft Skill (Examination)",F46="AWS Training",F46="AWS Session"),7, OR(ISNUMBER(SEARCH("MAD",F46)),ISNUMBER(SEARCH("STQA",F46)),F46="CI/CD Session"),8, OR(ISNUMBER(SEARCH("Cloud",F46)),F46="Industry Readiness Program",ISNUMBER(SEARCH("Talenlio",F46))),9, OR(ISNUMBER(SEARCH("Innovation",F46)),F46="Mini Project"),10, OR(ISNUMBER(SEARCH("Data Science",F46)),ISNUMBER(SEARCH("DS",F46))),11, ISNUMBER(SEARCH("Generative AI",F46)),12 =_xlfn.IFS( OR(F46="Selenium (Hands-on)",F46="Guest Lecture: HR Interview"),6, OR(F46="Soft Skill",F46="Soft Skill (Examination)",F46="AWS Training",F46="AWS Session"),7, OR(ISNUMBER(SEARCH("MAD",F46)),ISNUMBER(SEARCH("STQA",F46)),F46="CI/CD Session"),8, OR(ISNUMBER(SEARCH("Cloud",F46)),F46="Industry Readiness Program",ISNUMBER(SEARCH("Talenlio",F46))),9, OR(ISNUMBER(SEARCH("Innovation",F46)),F46="Mini Project"),10, OR(ISNUMBER(SEARCH("Data Science",F46)),ISNUMBER(SEARCH("DS",F46))),11, ISNUMBER(SEARCH("Generative AI",F46)),12 =_xlfn.IFS( OR(F46="Selenium (Hands-on)",F46="Guest Lecture: HR Interview"),6, OR(F46="Soft Skill",F46="Soft Skill (Examination)",F46="AWS Training",F46="AWS Session"),7, OR(ISNUMBER(SEARCH("MAD",F46)),ISNUMBER(SEARCH("STQA",F46)),F46="CI/CD Session"),8, OR(ISNUMBER(SEARCH("Cloud",F46)),F46="Industry Readiness Program",ISNUMBER(SEARCH("Talenlio",F46))),9, OR(ISNUMBER(SEARCH("Innovation",F46)),F46="Mini Project"),10, OR(ISNUMBER(SEARCH("Data Science",F46)),ISNUMBER(SEARCH("DS",F46))),11, ISNUMBER(SEARCH("Generative AI",F46)),12 =_xlfn.IFS( OR(F46="Selenium (Hands-on)",F46="Guest Lecture: HR Interview"),6, OR(F46="Soft Skill",F46="Soft Skill (Examination)",F46="AWS Training",F46="AWS Session"),7, OR(ISNUMBER(SEARCH("MAD",F46)),ISNUMBER(SEARCH("STQA",F46)),F46="CI/CD Session"),8, OR(ISNUMBER(SEARCH("Cloud",F46)),F46="Industry Readiness Program",ISNUMBER(SEARCH("Talenlio",F46))),9, OR(ISNUMBER(SEARCH("Innovation",F46)),F46="Mini Project"),10, OR(ISNUMBER(SEARCH("Data Science",F46)),ISNUMBER(SEARCH("DS",F46))),11, ISNUMBER(SEARCH("Generative AI",F46)),12 ))))} -> 9 | X46: 2 | Y46: 11 | Z46: Afternoon
A47: 46200 | B47: Saturday | C47: 1 | D47: 0.35416667 | E47: 0.38541667 | F47: MAD Practical | G47: OL | H47: III | I47: MCA | J47: A | K47: Computer Lab | L47: 103 | M47: =RANDBETWEEN(40,103) -> 75 | N47: =IF(OR(L47="",M47=""),"",M47/L47*100) -> 72.815534 | O47: 79.864562 | P47: =IF(C47=1, 0, IF(AND(A47=A46, J47=J46), ROUND(MAX(0, (D47-E46)*24), 2), 0)) -> 0 | Q47: Practical | R47: No | S47: =IF(OR(ISNUMBER(SEARCH("Guest", F47)), ISNUMBER(SEARCH("Hands-on", F47)), ISNUMBER(SEARCH("Project", F47)), B47="Friday"), "Yes", "No") -> No | T47: Yes | U47: =IF(MONTH(A47)=6, IF(DAY(A47)<20, "Sunny", "Cloudy"), IF(OR(MONTH(A47)=7, MONTH(A47)=8), "Rainy", "Sunny")) -> Cloudy | V47: No | W47: {=_xlfn.IFS( OR(F47="Selenium (Hands-on)",F47="Guest Lecture: HR Interview"),6, OR(F47="Soft Skill",F47="Soft Skill (Examination)",F47="AWS Training",F47="AWS Session"),7, OR(ISNUMBER(SEARCH("MAD",F47)),ISNUMBER(SEARCH("STQA",F47)),F47="CI/CD Session"),8, OR(ISNUMBER(SEARCH("Cloud",F47)),F47="Industry Readiness Program",ISNUMBER(SEARCH("Talenlio",F47))),9, OR(ISNUMBER(SEARCH("Innovation",F47)),F47="Mini Project"),10, OR(ISNUMBER(SEARCH("Data Science",F47)),ISNUMBER(SEARCH("DS",F47))),11, ISNUMBER(SEARCH("Generative AI",F47)),12 =_xlfn.IFS( OR(F47="Selenium (Hands-on)",F47="Guest Lecture: HR Interview"),6, OR(F47="Soft Skill",F47="Soft Skill (Examination)",F47="AWS Training",F47="AWS Session"),7, OR(ISNUMBER(SEARCH("MAD",F47)),ISNUMBER(SEARCH("STQA",F47)),F47="CI/CD Session"),8, OR(ISNUMBER(SEARCH("Cloud",F47)),F47="Industry Readiness Program",ISNUMBER(SEARCH("Talenlio",F47))),9, OR(ISNUMBER(SEARCH("Innovation",F47)),F47="Mini Project"),10, OR(ISNUMBER(SEARCH("Data Science",F47)),ISNUMBER(SEARCH("DS",F47))),11, ISNUMBER(SEARCH("Generative AI",F47)),12 =_xlfn.IFS( OR(F47="Selenium (Hands-on)",F47="Guest Lecture: HR Interview"),6, OR(F47="Soft Skill",F47="Soft Skill (Examination)",F47="AWS Training",F47="AWS Session"),7, OR(ISNUMBER(SEARCH("MAD",F47)),ISNUMBER(SEARCH("STQA",F47)),F47="CI/CD Session"),8, OR(ISNUMBER(SEARCH("Cloud",F47)),F47="Industry Readiness Program",ISNUMBER(SEARCH("Talenlio",F47))),9, OR(ISNUMBER(SEARCH("Innovation",F47)),F47="Mini Project"),10, OR(ISNUMBER(SEARCH("Data Science",F47)),ISNUMBER(SEARCH("DS",F47))),11, ISNUMBER(SEARCH("Generative AI",F47)),12 =_xlfn.IFS( OR(F47="Selenium (Hands-on)",F47="Guest Lecture: HR Interview"),6, OR(F47="Soft Skill",F47="Soft Skill (Examination)",F47="AWS Training",F47="AWS Session"),7, OR(ISNUMBER(SEARCH("MAD",F47)),ISNUMBER(SEARCH("STQA",F47)),F47="CI/CD Session"),8, OR(ISNUMBER(SEARCH("Cloud",F47)),F47="Industry Readiness Program",ISNUMBER(SEARCH("Talenlio",F47))),9, OR(ISNUMBER(SEARCH("Innovation",F47)),F47="Mini Project"),10, OR(ISNUMBER(SEARCH("Data Science",F47)),ISNUMBER(SEARCH("DS",F47))),11, ISNUMBER(SEARCH("Generative AI",F47)),12 ))))} -> 8 | X47: 2 | Y47: 13 | Z47: Morning
A48: 46200 | B48: Saturday | C48: 2 | D48: 0.38541667 | E48: 0.42708333 | F48: MAD Practical | G48: OL | H48: III | I48: MCA | J48: A | K48: Computer Lab | L48: 103 | M48: =RANDBETWEEN(40,103) -> 103 | N48: =IF(OR(L48="",M48=""),"",M48/L48*100) -> 100 | O48: {=IFERROR(LOOKUP(2, 1/((F$1:F47=F48)*(J$1:J47=J48)*(ROW(F$1:F47)<ROW(F48))), N$1:N47), "")} -> 72.815534 | P48: =IF(C48=1, 0, IF(AND(A48=A47, J48=J47), ROUND(MAX(0, (D48-E47)*24), 2), 0)) -> 0 | Q48: Practical | R48: No | S48: =IF(OR(ISNUMBER(SEARCH("Guest", F48)), ISNUMBER(SEARCH("Hands-on", F48)), ISNUMBER(SEARCH("Project", F48)), B48="Friday"), "Yes", "No") -> No | T48: Yes | U48: =IF(MONTH(A48)=6, IF(DAY(A48)<20, "Sunny", "Cloudy"), IF(OR(MONTH(A48)=7, MONTH(A48)=8), "Rainy", "Sunny")) -> Cloudy | V48: No | W48: {=_xlfn.IFS( OR(F48="Selenium (Hands-on)",F48="Guest Lecture: HR Interview"),6, OR(F48="Soft Skill",F48="Soft Skill (Examination)",F48="AWS Training",F48="AWS Session"),7, OR(ISNUMBER(SEARCH("MAD",F48)),ISNUMBER(SEARCH("STQA",F48)),F48="CI/CD Session"),8, OR(ISNUMBER(SEARCH("Cloud",F48)),F48="Industry Readiness Program",ISNUMBER(SEARCH("Talenlio",F48))),9, OR(ISNUMBER(SEARCH("Innovation",F48)),F48="Mini Project"),10, OR(ISNUMBER(SEARCH("Data Science",F48)),ISNUMBER(SEARCH("DS",F48))),11, ISNUMBER(SEARCH("Generative AI",F48)),12 =_xlfn.IFS( OR(F48="Selenium (Hands-on)",F48="Guest Lecture: HR Interview"),6, OR(F48="Soft Skill",F48="Soft Skill (Examination)",F48="AWS Training",F48="AWS Session"),7, OR(ISNUMBER(SEARCH("MAD",F48)),ISNUMBER(SEARCH("STQA",F48)),F48="CI/CD Session"),8, OR(ISNUMBER(SEARCH("Cloud",F48)),F48="Industry Readiness Program",ISNUMBER(SEARCH("Talenlio",F48))),9, OR(ISNUMBER(SEARCH("Innovation",F48)),F48="Mini Project"),10, OR(ISNUMBER(SEARCH("Data Science",F48)),ISNUMBER(SEARCH("DS",F48))),11, ISNUMBER(SEARCH("Generative AI",F48)),12 =_xlfn.IFS( OR(F48="Selenium (Hands-on)",F48="Guest Lecture: HR Interview"),6, OR(F48="Soft Skill",F48="Soft Skill (Examination)",F48="AWS Training",F48="AWS Session"),7, OR(ISNUMBER(SEARCH("MAD",F48)),ISNUMBER(SEARCH("STQA",F48)),F48="CI/CD Session"),8, OR(ISNUMBER(SEARCH("Cloud",F48)),F48="Industry Readiness Program",ISNUMBER(SEARCH("Talenlio",F48))),9, OR(ISNUMBER(SEARCH("Innovation",F48)),F48="Mini Project"),10, OR(ISNUMBER(SEARCH("Data Science",F48)),ISNUMBER(SEARCH("DS",F48))),11, ISNUMBER(SEARCH("Generative AI",F48)),12 =_xlfn.IFS( OR(F48="Selenium (Hands-on)",F48="Guest Lecture: HR Interview"),6, OR(F48="Soft Skill",F48="Soft Skill (Examination)",F48="AWS Training",F48="AWS Session"),7, OR(ISNUMBER(SEARCH("MAD",F48)),ISNUMBER(SEARCH("STQA",F48)),F48="CI/CD Session"),8, OR(ISNUMBER(SEARCH("Cloud",F48)),F48="Industry Readiness Program",ISNUMBER(SEARCH("Talenlio",F48))),9, OR(ISNUMBER(SEARCH("Innovation",F48)),F48="Mini Project"),10, OR(ISNUMBER(SEARCH("Data Science",F48)),ISNUMBER(SEARCH("DS",F48))),11, ISNUMBER(SEARCH("Generative AI",F48)),12 ))))} -> 8 | X48: 2 | Y48: 13 | Z48: Morning
A49: 46200 | B49: Saturday | C49: 3 | D49: 0.42708333 | E49: 0.46875 | F49: Mini Project | G49: MPS | H49: III | I49: MCA | J49: A | K49: Computer Lab | L49: 103 | M49: =RANDBETWEEN(40,103) -> 46 | N49: =IF(OR(L49="",M49=""),"",M49/L49*100) -> 44.660194 | O49: 46.844517 | P49: =IF(C49=1, 0, IF(AND(A49=A48, J49=J48), ROUND(MAX(0, (D49-E48)*24), 2), 0)) -> 0 | Q49: Practical | R49: No | S49: =IF(OR(ISNUMBER(SEARCH("Guest", F49)), ISNUMBER(SEARCH("Hands-on", F49)), ISNUMBER(SEARCH("Project", F49)), B49="Friday"), "Yes", "No") -> Yes | T49: Yes | U49: =IF(MONTH(A49)=6, IF(DAY(A49)<20, "Sunny", "Cloudy"), IF(OR(MONTH(A49)=7, MONTH(A49)=8), "Rainy", "Sunny")) -> Cloudy | V49: No | W49: {=_xlfn.IFS( OR(F49="Selenium (Hands-on)",F49="Guest Lecture: HR Interview"),6, OR(F49="Soft Skill",F49="Soft Skill (Examination)",F49="AWS Training",F49="AWS Session"),7, OR(ISNUMBER(SEARCH("MAD",F49)),ISNUMBER(SEARCH("STQA",F49)),F49="CI/CD Session"),8, OR(ISNUMBER(SEARCH("Cloud",F49)),F49="Industry Readiness Program",ISNUMBER(SEARCH("Talenlio",F49))),9, OR(ISNUMBER(SEARCH("Innovation",F49)),F49="Mini Project"),10, OR(ISNUMBER(SEARCH("Data Science",F49)),ISNUMBER(SEARCH("DS",F49))),11, ISNUMBER(SEARCH("Generative AI",F49)),12 =_xlfn.IFS( OR(F49="Selenium (Hands-on)",F49="Guest Lecture: HR Interview"),6, OR(F49="Soft Skill",F49="Soft Skill (Examination)",F49="AWS Training",F49="AWS Session"),7, OR(ISNUMBER(SEARCH("MAD",F49)),ISNUMBER(SEARCH("STQA",F49)),F49="CI/CD Session"),8, OR(ISNUMBER(SEARCH("Cloud",F49)),F49="Industry Readiness Program",ISNUMBER(SEARCH("Talenlio",F49))),9, OR(ISNUMBER(SEARCH("Innovation",F49)),F49="Mini Project"),10, OR(ISNUMBER(SEARCH("Data Science",F49)),ISNUMBER(SEARCH("DS",F49))),11, ISNUMBER(SEARCH("Generative AI",F49)),12 =_xlfn.IFS( OR(F49="Selenium (Hands-on)",F49="Guest Lecture: HR Interview"),6, OR(F49="Soft Skill",F49="Soft Skill (Examination)",F49="AWS Training",F49="AWS Session"),7, OR(ISNUMBER(SEARCH("MAD",F49)),ISNUMBER(SEARCH("STQA",F49)),F49="CI/CD Session"),8, OR(ISNUMBER(SEARCH("Cloud",F49)),F49="Industry Readiness Program",ISNUMBER(SEARCH("Talenlio",F49))),9, OR(ISNUMBER(SEARCH("Innovation",F49)),F49="Mini Project"),10, OR(ISNUMBER(SEARCH("Data Science",F49)),ISNUMBER(SEARCH("DS",F49))),11, ISNUMBER(SEARCH("Generative AI",F49)),12 =_xlfn.IFS( OR(F49="Selenium (Hands-on)",F49="Guest Lecture: HR Interview"),6, OR(F49="Soft Skill",F49="Soft Skill (Examination)",F49="AWS Training",F49="AWS Session"),7, OR(ISNUMBER(SEARCH("MAD",F49)),ISNUMBER(SEARCH("STQA",F49)),F49="CI/CD Session"),8, OR(ISNUMBER(SEARCH("Cloud",F49)),F49="Industry Readiness Program",ISNUMBER(SEARCH("Talenlio",F49))),9, OR(ISNUMBER(SEARCH("Innovation",F49)),F49="Mini Project"),10, OR(ISNUMBER(SEARCH("Data Science",F49)),ISNUMBER(SEARCH("DS",F49))),11, ISNUMBER(SEARCH("Generative AI",F49)),12 ))))} -> 10 | X49: 2 | Y49: 13 | Z49: Morning
A50: 46200 | B50: Saturday | C50: 4 | D50: 0.46875 | E50: 0.51041667 | F50: Mini Project | G50: MPS | H50: III | I50: MCA | J50: A | K50: Computer Lab | L50: 103 | M50: =RANDBETWEEN(40,103) -> 102 | N50: =IF(OR(L50="",M50=""),"",M50/L50*100) -> 99.029126 | O50: {=IFERROR(LOOKUP(2, 1/((F$1:F49=F50)*(J$1:J49=J50)*(ROW(F$1:F49)<ROW(F50))), N$1:N49), "")} -> 44.660194 | P50: =IF(C50=1, 0, IF(AND(A50=A49, J50=J49), ROUND(MAX(0, (D50-E49)*24), 2), 0)) -> 0 | Q50: Practical | R50: No | S50: =IF(OR(ISNUMBER(SEARCH("Guest", F50)), ISNUMBER(SEARCH("Hands-on", F50)), ISNUMBER(SEARCH("Project", F50)), B50="Friday"), "Yes", "No") -> Yes | T50: Yes | U50: =IF(MONTH(A50)=6, IF(DAY(A50)<20, "Sunny", "Cloudy"), IF(OR(MONTH(A50)=7, MONTH(A50)=8), "Rainy", "Sunny")) -> Cloudy | V50: No | W50: {=_xlfn.IFS( OR(F50="Selenium (Hands-on)",F50="Guest Lecture: HR Interview"),6, OR(F50="Soft Skill",F50="Soft Skill (Examination)",F50="AWS Training",F50="AWS Session"),7, OR(ISNUMBER(SEARCH("MAD",F50)),ISNUMBER(SEARCH("STQA",F50)),F50="CI/CD Session"),8, OR(ISNUMBER(SEARCH("Cloud",F50)),F50="Industry Readiness Program",ISNUMBER(SEARCH("Talenlio",F50))),9, OR(ISNUMBER(SEARCH("Innovation",F50)),F50="Mini Project"),10, OR(ISNUMBER(SEARCH("Data Science",F50)),ISNUMBER(SEARCH("DS",F50))),11, ISNUMBER(SEARCH("Generative AI",F50)),12 =_xlfn.IFS( OR(F50="Selenium (Hands-on)",F50="Guest Lecture: HR Interview"),6, OR(F50="Soft Skill",F50="Soft Skill (Examination)",F50="AWS Training",F50="AWS Session"),7, OR(ISNUMBER(SEARCH("MAD",F50)),ISNUMBER(SEARCH("STQA",F50)),F50="CI/CD Session"),8, OR(ISNUMBER(SEARCH("Cloud",F50)),F50="Industry Readiness Program",ISNUMBER(SEARCH("Talenlio",F50))),9, OR(ISNUMBER(SEARCH("Innovation",F50)),F50="Mini Project"),10, OR(ISNUMBER(SEARCH("Data Science",F50)),ISNUMBER(SEARCH("DS",F50))),11, ISNUMBER(SEARCH("Generative AI",F50)),12 =_xlfn.IFS( OR(F50="Selenium (Hands-on)",F50="Guest Lecture: HR Interview"),6, OR(F50="Soft Skill",F50="Soft Skill (Examination)",F50="AWS Training",F50="AWS Session"),7, OR(ISNUMBER(SEARCH("MAD",F50)),ISNUMBER(SEARCH("STQA",F50)),F50="CI/CD Session"),8, OR(ISNUMBER(SEARCH("Cloud",F50)),F50="Industry Readiness Program",ISNUMBER(SEARCH("Talenlio",F50))),9, OR(ISNUMBER(SEARCH("Innovation",F50)),F50="Mini Project"),10, OR(ISNUMBER(SEARCH("Data Science",F50)),ISNUMBER(SEARCH("DS",F50))),11, ISNUMBER(SEARCH("Generative AI",F50)),12 =_xlfn.IFS( OR(F50="Selenium (Hands-on)",F50="Guest Lecture: HR Interview"),6, OR(F50="Soft Skill",F50="Soft Skill (Examination)",F50="AWS Training",F50="AWS Session"),7, OR(ISNUMBER(SEARCH("MAD",F50)),ISNUMBER(SEARCH("STQA",F50)),F50="CI/CD Session"),8, OR(ISNUMBER(SEARCH("Cloud",F50)),F50="Industry Readiness Program",ISNUMBER(SEARCH("Talenlio",F50))),9, OR(ISNUMBER(SEARCH("Innovation",F50)),F50="Mini Project"),10, OR(ISNUMBER(SEARCH("Data Science",F50)),ISNUMBER(SEARCH("DS",F50))),11, ISNUMBER(SEARCH("Generative AI",F50)),12 ))))} -> 10 | X50: 2 | Y50: 13 | Z50: Morning
A51: 46200 | B51: Saturday | C51: 5 | D51: 0.5625 | E51: 0.60416667 | F51: Mini Project | G51: MPS | H51: III | I51: MCA | J51: A | K51: Computer Lab | L51: 103 | M51: =RANDBETWEEN(40,103) -> 74 | N51: =IF(OR(L51="",M51=""),"",M51/L51*100) -> 71.84466 | O51: {=IFERROR(LOOKUP(2, 1/((F$1:F50=F51)*(J$1:J50=J51)*(ROW(F$1:F50)<ROW(F51))), N$1:N50), "")} -> 99.029126 | P51: =IF(C51=1, 0, IF(AND(A51=A50, J51=J50), ROUND(MAX(0, (D51-E50)*24), 2), 0)) -> 1.25 | Q51: Practical | R51: No | S51: =IF(OR(ISNUMBER(SEARCH("Guest", F51)), ISNUMBER(SEARCH("Hands-on", F51)), ISNUMBER(SEARCH("Project", F51)), B51="Friday"), "Yes", "No") -> Yes | T51: Yes | U51: =IF(MONTH(A51)=6, IF(DAY(A51)<20, "Sunny", "Cloudy"), IF(OR(MONTH(A51)=7, MONTH(A51)=8), "Rainy", "Sunny")) -> Cloudy | V51: No | W51: {=_xlfn.IFS( OR(F51="Selenium (Hands-on)",F51="Guest Lecture: HR Interview"),6, OR(F51="Soft Skill",F51="Soft Skill (Examination)",F51="AWS Training",F51="AWS Session"),7, OR(ISNUMBER(SEARCH("MAD",F51)),ISNUMBER(SEARCH("STQA",F51)),F51="CI/CD Session"),8, OR(ISNUMBER(SEARCH("Cloud",F51)),F51="Industry Readiness Program",ISNUMBER(SEARCH("Talenlio",F51))),9, OR(ISNUMBER(SEARCH("Innovation",F51)),F51="Mini Project"),10, OR(ISNUMBER(SEARCH("Data Science",F51)),ISNUMBER(SEARCH("DS",F51))),11, ISNUMBER(SEARCH("Generative AI",F51)),12 =_xlfn.IFS( OR(F51="Selenium (Hands-on)",F51="Guest Lecture: HR Interview"),6, OR(F51="Soft Skill",F51="Soft Skill (Examination)",F51="AWS Training",F51="AWS Session"),7, OR(ISNUMBER(SEARCH("MAD",F51)),ISNUMBER(SEARCH("STQA",F51)),F51="CI/CD Session"),8, OR(ISNUMBER(SEARCH("Cloud",F51)),F51="Industry Readiness Program",ISNUMBER(SEARCH("Talenlio",F51))),9, OR(ISNUMBER(SEARCH("Innovation",F51)),F51="Mini Project"),10, OR(ISNUMBER(SEARCH("Data Science",F51)),ISNUMBER(SEARCH("DS",F51))),11, ISNUMBER(SEARCH("Generative AI",F51)),12 =_xlfn.IFS( OR(F51="Selenium (Hands-on)",F51="Guest Lecture: HR Interview"),6, OR(F51="Soft Skill",F51="Soft Skill (Examination)",F51="AWS Training",F51="AWS Session"),7, OR(ISNUMBER(SEARCH("MAD",F51)),ISNUMBER(SEARCH("STQA",F51)),F51="CI/CD Session"),8, OR(ISNUMBER(SEARCH("Cloud",F51)),F51="Industry Readiness Program",ISNUMBER(SEARCH("Talenlio",F51))),9, OR(ISNUMBER(SEARCH("Innovation",F51)),F51="Mini Project"),10, OR(ISNUMBER(SEARCH("Data Science",F51)),ISNUMBER(SEARCH("DS",F51))),11, ISNUMBER(SEARCH("Generative AI",F51)),12 =_xlfn.IFS( OR(F51="Selenium (Hands-on)",F51="Guest Lecture: HR Interview"),6, OR(F51="Soft Skill",F51="Soft Skill (Examination)",F51="AWS Training",F51="AWS Session"),7, OR(ISNUMBER(SEARCH("MAD",F51)),ISNUMBER(SEARCH("STQA",F51)),F51="CI/CD Session"),8, OR(ISNUMBER(SEARCH("Cloud",F51)),F51="Industry Readiness Program",ISNUMBER(SEARCH("Talenlio",F51))),9, OR(ISNUMBER(SEARCH("Innovation",F51)),F51="Mini Project"),10, OR(ISNUMBER(SEARCH("Data Science",F51)),ISNUMBER(SEARCH("DS",F51))),11, ISNUMBER(SEARCH("Generative AI",F51)),12 ))))} -> 10 | X51: 2 | Y51: 13 | Z51: Afternoon
A52: 46200 | B52: Saturday | C52: 6 | D52: 0.60416667 | E52: 0.64583333 | F52: Mini Project | G52: MPS | H52: III | I52: MCA | J52: A | K52: Computer Lab | L52: 103 | M52: =RANDBETWEEN(40,103) -> 99 | N52: =IF(OR(L52="",M52=""),"",M52/L52*100) -> 96.116505 | O52: {=IFERROR(LOOKUP(2, 1/((F$1:F51=F52)*(J$1:J51=J52)*(ROW(F$1:F51)<ROW(F52))), N$1:N51), "")} -> 71.84466 | P52: =IF(C52=1, 0, IF(AND(A52=A51, J52=J51), ROUND(MAX(0, (D52-E51)*24), 2), 0)) -> 0 | Q52: Practical | R52: No | S52: =IF(OR(ISNUMBER(SEARCH("Guest", F52)), ISNUMBER(SEARCH("Hands-on", F52)), ISNUMBER(SEARCH("Project", F52)), B52="Friday"), "Yes", "No") -> Yes | T52: Yes | U52: =IF(MONTH(A52)=6, IF(DAY(A52)<20, "Sunny", "Cloudy"), IF(OR(MONTH(A52)=7, MONTH(A52)=8), "Rainy", "Sunny")) -> Cloudy | V52: No | W52: {=_xlfn.IFS( OR(F52="Selenium (Hands-on)",F52="Guest Lecture: HR Interview"),6, OR(F52="Soft Skill",F52="Soft Skill (Examination)",F52="AWS Training",F52="AWS Session"),7, OR(ISNUMBER(SEARCH("MAD",F52)),ISNUMBER(SEARCH("STQA",F52)),F52="CI/CD Session"),8, OR(ISNUMBER(SEARCH("Cloud",F52)),F52="Industry Readiness Program",ISNUMBER(SEARCH("Talenlio",F52))),9, OR(ISNUMBER(SEARCH("Innovation",F52)),F52="Mini Project"),10, OR(ISNUMBER(SEARCH("Data Science",F52)),ISNUMBER(SEARCH("DS",F52))),11, ISNUMBER(SEARCH("Generative AI",F52)),12 =_xlfn.IFS( OR(F52="Selenium (Hands-on)",F52="Guest Lecture: HR Interview"),6, OR(F52="Soft Skill",F52="Soft Skill (Examination)",F52="AWS Training",F52="AWS Session"),7, OR(ISNUMBER(SEARCH("MAD",F52)),ISNUMBER(SEARCH("STQA",F52)),F52="CI/CD Session"),8, OR(ISNUMBER(SEARCH("Cloud",F52)),F52="Industry Readiness Program",ISNUMBER(SEARCH("Talenlio",F52))),9, OR(ISNUMBER(SEARCH("Innovation",F52)),F52="Mini Project"),10, OR(ISNUMBER(SEARCH("Data Science",F52)),ISNUMBER(SEARCH("DS",F52))),11, ISNUMBER(SEARCH("Generative AI",F52)),12 =_xlfn.IFS( OR(F52="Selenium (Hands-on)",F52="Guest Lecture: HR Interview"),6, OR(F52="Soft Skill",F52="Soft Skill (Examination)",F52="AWS Training",F52="AWS Session"),7, OR(ISNUMBER(SEARCH("MAD",F52)),ISNUMBER(SEARCH("STQA",F52)),F52="CI/CD Session"),8, OR(ISNUMBER(SEARCH("Cloud",F52)),F52="Industry Readiness Program",ISNUMBER(SEARCH("Talenlio",F52))),9, OR(ISNUMBER(SEARCH("Innovation",F52)),F52="Mini Project"),10, OR(ISNUMBER(SEARCH("Data Science",F52)),ISNUMBER(SEARCH("DS",F52))),11, ISNUMBER(SEARCH("Generative AI",F52)),12 =_xlfn.IFS( OR(F52="Selenium (Hands-on)",F52="Guest Lecture: HR Interview"),6, OR(F52="Soft Skill",F52="Soft Skill (Examination)",F52="AWS Training",F52="AWS Session"),7, OR(ISNUMBER(SEARCH("MAD",F52)),ISNUMBER(SEARCH("STQA",F52)),F52="CI/CD Session"),8, OR(ISNUMBER(SEARCH("Cloud",F52)),F52="Industry Readiness Program",ISNUMBER(SEARCH("Talenlio",F52))),9, OR(ISNUMBER(SEARCH("Innovation",F52)),F52="Mini Project"),10, OR(ISNUMBER(SEARCH("Data Science",F52)),ISNUMBER(SEARCH("DS",F52))),11, ISNUMBER(SEARCH("Generative AI",F52)),12 ))))} -> 10 | X52: 2 | Y52: 13 | Z52: Afternoon
A53: 46202 | B53: Monday | C53: 1 | D53: 0.35416667 | E53: 0.38541667 | F53: MAD (Mobile Application Development) | G53: OL | H53: III | I53: MCA | J53: A | K53: Computer Lab | L53: 103 | M53: =RANDBETWEEN(40,103) -> 51 | N53: =IF(OR(L53="",M53=""),"",M53/L53*100) -> 49.514563 | O53: {=IFERROR(LOOKUP(2, 1/((F$1:F52=F53)*(J$1:J52=J53)*(ROW(F$1:F52)<ROW(F53))), N$1:N52), "")} -> 76.699029 | P53: =IF(C53=1, 0, IF(AND(A53=A52, J53=J52), ROUND(MAX(0, (D53-E52)*24), 2), 0)) -> 0 | Q53: Practical | R53: No | S53: =IF(OR(ISNUMBER(SEARCH("Guest", F53)), ISNUMBER(SEARCH("Hands-on", F53)), ISNUMBER(SEARCH("Project", F53)), B53="Friday"), "Yes", "No") -> No | T53: Yes | U53: =IF(MONTH(A53)=6, IF(DAY(A53)<20, "Sunny", "Cloudy"), IF(OR(MONTH(A53)=7, MONTH(A53)=8), "Rainy", "Sunny")) -> Cloudy | V53: No | W53: {=_xlfn.IFS( OR(F53="Selenium (Hands-on)",F53="Guest Lecture: HR Interview"),6, OR(F53="Soft Skill",F53="Soft Skill (Examination)",F53="AWS Training",F53="AWS Session"),7, OR(ISNUMBER(SEARCH("MAD",F53)),ISNUMBER(SEARCH("STQA",F53)),F53="CI/CD Session"),8, OR(ISNUMBER(SEARCH("Cloud",F53)),F53="Industry Readiness Program",ISNUMBER(SEARCH("Talenlio",F53))),9, OR(ISNUMBER(SEARCH("Innovation",F53)),F53="Mini Project"),10, OR(ISNUMBER(SEARCH("Data Science",F53)),ISNUMBER(SEARCH("DS",F53))),11, ISNUMBER(SEARCH("Generative AI",F53)),12 =_xlfn.IFS( OR(F53="Selenium (Hands-on)",F53="Guest Lecture: HR Interview"),6, OR(F53="Soft Skill",F53="Soft Skill (Examination)",F53="AWS Training",F53="AWS Session"),7, OR(ISNUMBER(SEARCH("MAD",F53)),ISNUMBER(SEARCH("STQA",F53)),F53="CI/CD Session"),8, OR(ISNUMBER(SEARCH("Cloud",F53)),F53="Industry Readiness Program",ISNUMBER(SEARCH("Talenlio",F53))),9, OR(ISNUMBER(SEARCH("Innovation",F53)),F53="Mini Project"),10, OR(ISNUMBER(SEARCH("Data Science",F53)),ISNUMBER(SEARCH("DS",F53))),11, ISNUMBER(SEARCH("Generative AI",F53)),12 =_xlfn.IFS( OR(F53="Selenium (Hands-on)",F53="Guest Lecture: HR Interview"),6, OR(F53="Soft Skill",F53="Soft Skill (Examination)",F53="AWS Training",F53="AWS Session"),7, OR(ISNUMBER(SEARCH("MAD",F53)),ISNUMBER(SEARCH("STQA",F53)),F53="CI/CD Session"),8, OR(ISNUMBER(SEARCH("Cloud",F53)),F53="Industry Readiness Program",ISNUMBER(SEARCH("Talenlio",F53))),9, OR(ISNUMBER(SEARCH("Innovation",F53)),F53="Mini Project"),10, OR(ISNUMBER(SEARCH("Data Science",F53)),ISNUMBER(SEARCH("DS",F53))),11, ISNUMBER(SEARCH("Generative AI",F53)),12 =_xlfn.IFS( OR(F53="Selenium (Hands-on)",F53="Guest Lecture: HR Interview"),6, OR(F53="Soft Skill",F53="Soft Skill (Examination)",F53="AWS Training",F53="AWS Session"),7, OR(ISNUMBER(SEARCH("MAD",F53)),ISNUMBER(SEARCH("STQA",F53)),F53="CI/CD Session"),8, OR(ISNUMBER(SEARCH("Cloud",F53)),F53="Industry Readiness Program",ISNUMBER(SEARCH("Talenlio",F53))),9, OR(ISNUMBER(SEARCH("Innovation",F53)),F53="Mini Project"),10, OR(ISNUMBER(SEARCH("Data Science",F53)),ISNUMBER(SEARCH("DS",F53))),11, ISNUMBER(SEARCH("Generative AI",F53)),12 ))))} -> 8 | X53: 3 | Y53: 15 | Z53: Morning
A54: 46202 | B54: Monday | C54: 2 | D54: 0.38541667 | E54: 0.42708333 | F54: MAD (Mobile Application Development) | G54: OL | H54: III | I54: MCA | J54: A | K54: Computer Lab | L54: 103 | M54: =RANDBETWEEN(40,103) -> 97 | N54: =IF(OR(L54="",M54=""),"",M54/L54*100) -> 94.174757 | O54: {=IFERROR(LOOKUP(2, 1/((F$1:F53=F54)*(J$1:J53=J54)*(ROW(F$1:F53)<ROW(F54))), N$1:N53), "")} -> 49.514563 | P54: =IF(C54=1, 0, IF(AND(A54=A53, J54=J53), ROUND(MAX(0, (D54-E53)*24), 2), 0)) -> 0 | Q54: Practical | R54: No | S54: =IF(OR(ISNUMBER(SEARCH("Guest", F54)), ISNUMBER(SEARCH("Hands-on", F54)), ISNUMBER(SEARCH("Project", F54)), B54="Friday"), "Yes", "No") -> No | T54: Yes | U54: =IF(MONTH(A54)=6, IF(DAY(A54)<20, "Sunny", "Cloudy"), IF(OR(MONTH(A54)=7, MONTH(A54)=8), "Rainy", "Sunny")) -> Cloudy | V54: No | W54: {=_xlfn.IFS( OR(F54="Selenium (Hands-on)",F54="Guest Lecture: HR Interview"),6, OR(F54="Soft Skill",F54="Soft Skill (Examination)",F54="AWS Training",F54="AWS Session"),7, OR(ISNUMBER(SEARCH("MAD",F54)),ISNUMBER(SEARCH("STQA",F54)),F54="CI/CD Session"),8, OR(ISNUMBER(SEARCH("Cloud",F54)),F54="Industry Readiness Program",ISNUMBER(SEARCH("Talenlio",F54))),9, OR(ISNUMBER(SEARCH("Innovation",F54)),F54="Mini Project"),10, OR(ISNUMBER(SEARCH("Data Science",F54)),ISNUMBER(SEARCH("DS",F54))),11, ISNUMBER(SEARCH("Generative AI",F54)),12 =_xlfn.IFS( OR(F54="Selenium (Hands-on)",F54="Guest Lecture: HR Interview"),6, OR(F54="Soft Skill",F54="Soft Skill (Examination)",F54="AWS Training",F54="AWS Session"),7, OR(ISNUMBER(SEARCH("MAD",F54)),ISNUMBER(SEARCH("STQA",F54)),F54="CI/CD Session"),8, OR(ISNUMBER(SEARCH("Cloud",F54)),F54="Industry Readiness Program",ISNUMBER(SEARCH("Talenlio",F54))),9, OR(ISNUMBER(SEARCH("Innovation",F54)),F54="Mini Project"),10, OR(ISNUMBER(SEARCH("Data Science",F54)),ISNUMBER(SEARCH("DS",F54))),11, ISNUMBER(SEARCH("Generative AI",F54)),12 =_xlfn.IFS( OR(F54="Selenium (Hands-on)",F54="Guest Lecture: HR Interview"),6, OR(F54="Soft Skill",F54="Soft Skill (Examination)",F54="AWS Training",F54="AWS Session"),7, OR(ISNUMBER(SEARCH("MAD",F54)),ISNUMBER(SEARCH("STQA",F54)),F54="CI/CD Session"),8, OR(ISNUMBER(SEARCH("Cloud",F54)),F54="Industry Readiness Program",ISNUMBER(SEARCH("Talenlio",F54))),9, OR(ISNUMBER(SEARCH("Innovation",F54)),F54="Mini Project"),10, OR(ISNUMBER(SEARCH("Data Science",F54)),ISNUMBER(SEARCH("DS",F54))),11, ISNUMBER(SEARCH("Generative AI",F54)),12 =_xlfn.IFS( OR(F54="Selenium (Hands-on)",F54="Guest Lecture: HR Interview"),6, OR(F54="Soft Skill",F54="Soft Skill (Examination)",F54="AWS Training",F54="AWS Session"),7, OR(ISNUMBER(SEARCH("MAD",F54)),ISNUMBER(SEARCH("STQA",F54)),F54="CI/CD Session"),8, OR(ISNUMBER(SEARCH("Cloud",F54)),F54="Industry Readiness Program",ISNUMBER(SEARCH("Talenlio",F54))),9, OR(ISNUMBER(SEARCH("Innovation",F54)),F54="Mini Project"),10, OR(ISNUMBER(SEARCH("Data Science",F54)),ISNUMBER(SEARCH("DS",F54))),11, ISNUMBER(SEARCH("Generative AI",F54)),12 ))))} -> 8 | X54: 3 | Y54: 15 | Z54: Morning
A55: 46202 | B55: Monday | C55: 3 | D55: 0.42708333 | E55: 0.46875 | F55: Innovation and Entrepreneurship Development | G55: JSP | H55: III | I55: MCA | J55: A | K55: Computer Lab | L55: 103 | M55: =RANDBETWEEN(40,103) -> 79 | N55: =IF(OR(L55="",M55=""),"",M55/L55*100) -> 76.699029 | O55: {=IFERROR(LOOKUP(2, 1/((F$1:F54=F55)*(J$1:J54=J55)*(ROW(F$1:F54)<ROW(F55))), N$1:N54), "")} -> 73.786408 | P55: =IF(C55=1, 0, IF(AND(A55=A54, J55=J54), ROUND(MAX(0, (D55-E54)*24), 2), 0)) -> 0 | Q55: Theory | R55: No | S55: =IF(OR(ISNUMBER(SEARCH("Guest", F55)), ISNUMBER(SEARCH("Hands-on", F55)), ISNUMBER(SEARCH("Project", F55)), B55="Friday"), "Yes", "No") -> No | T55: Yes | U55: =IF(MONTH(A55)=6, IF(DAY(A55)<20, "Sunny", "Cloudy"), IF(OR(MONTH(A55)=7, MONTH(A55)=8), "Rainy", "Sunny")) -> Cloudy | V55: No | W55: {=_xlfn.IFS( OR(F55="Selenium (Hands-on)",F55="Guest Lecture: HR Interview"),6, OR(F55="Soft Skill",F55="Soft Skill (Examination)",F55="AWS Training",F55="AWS Session"),7, OR(ISNUMBER(SEARCH("MAD",F55)),ISNUMBER(SEARCH("STQA",F55)),F55="CI/CD Session"),8, OR(ISNUMBER(SEARCH("Cloud",F55)),F55="Industry Readiness Program",ISNUMBER(SEARCH("Talenlio",F55))),9, OR(ISNUMBER(SEARCH("Innovation",F55)),F55="Mini Project"),10, OR(ISNUMBER(SEARCH("Data Science",F55)),ISNUMBER(SEARCH("DS",F55))),11, ISNUMBER(SEARCH("Generative AI",F55)),12 =_xlfn.IFS( OR(F55="Selenium (Hands-on)",F55="Guest Lecture: HR Interview"),6, OR(F55="Soft Skill",F55="Soft Skill (Examination)",F55="AWS Training",F55="AWS Session"),7, OR(ISNUMBER(SEARCH("MAD",F55)),ISNUMBER(SEARCH("STQA",F55)),F55="CI/CD Session"),8, OR(ISNUMBER(SEARCH("Cloud",F55)),F55="Industry Readiness Program",ISNUMBER(SEARCH("Talenlio",F55))),9, OR(ISNUMBER(SEARCH("Innovation",F55)),F55="Mini Project"),10, OR(ISNUMBER(SEARCH("Data Science",F55)),ISNUMBER(SEARCH("DS",F55))),11, ISNUMBER(SEARCH("Generative AI",F55)),12 =_xlfn.IFS( OR(F55="Selenium (Hands-on)",F55="Guest Lecture: HR Interview"),6, OR(F55="Soft Skill",F55="Soft Skill (Examination)",F55="AWS Training",F55="AWS Session"),7, OR(ISNUMBER(SEARCH("MAD",F55)),ISNUMBER(SEARCH("STQA",F55)),F55="CI/CD Session"),8, OR(ISNUMBER(SEARCH("Cloud",F55)),F55="Industry Readiness Program",ISNUMBER(SEARCH("Talenlio",F55))),9, OR(ISNUMBER(SEARCH("Innovation",F55)),F55="Mini Project"),10, OR(ISNUMBER(SEARCH("Data Science",F55)),ISNUMBER(SEARCH("DS",F55))),11, ISNUMBER(SEARCH("Generative AI",F55)),12 =_xlfn.IFS( OR(F55="Selenium (Hands-on)",F55="Guest Lecture: HR Interview"),6, OR(F55="Soft Skill",F55="Soft Skill (Examination)",F55="AWS Training",F55="AWS Session"),7, OR(ISNUMBER(SEARCH("MAD",F55)),ISNUMBER(SEARCH("STQA",F55)),F55="CI/CD Session"),8, OR(ISNUMBER(SEARCH("Cloud",F55)),F55="Industry Readiness Program",ISNUMBER(SEARCH("Talenlio",F55))),9, OR(ISNUMBER(SEARCH("Innovation",F55)),F55="Mini Project"),10, OR(ISNUMBER(SEARCH("Data Science",F55)),ISNUMBER(SEARCH("DS",F55))),11, ISNUMBER(SEARCH("Generative AI",F55)),12 ))))} -> 10 | X55: 3 | Y55: 15 | Z55: Morning
A56: 46202 | B56: Monday | C56: 4 | D56: 0.46875 | E56: 0.51041667 | F56: Innovation and Entrepreneurship Development | G56: JSP | H56: III | I56: MCA | J56: A | K56: Computer Lab | L56: 103 | M56: =RANDBETWEEN(40,103) -> 84 | N56: =IF(OR(L56="",M56=""),"",M56/L56*100) -> 81.553398 | O56: {=IFERROR(LOOKUP(2, 1/((F$1:F55=F56)*(J$1:J55=J56)*(ROW(F$1:F55)<ROW(F56))), N$1:N55), "")} -> 76.699029 | P56: =IF(C56=1, 0, IF(AND(A56=A55, J56=J55), ROUND(MAX(0, (D56-E55)*24), 2), 0)) -> 0 | Q56: Theory | R56: No | S56: =IF(OR(ISNUMBER(SEARCH("Guest", F56)), ISNUMBER(SEARCH("Hands-on", F56)), ISNUMBER(SEARCH("Project", F56)), B56="Friday"), "Yes", "No") -> No | T56: Yes | U56: =IF(MONTH(A56)=6, IF(DAY(A56)<20, "Sunny", "Cloudy"), IF(OR(MONTH(A56)=7, MONTH(A56)=8), "Rainy", "Sunny")) -> Cloudy | V56: No | W56: {=_xlfn.IFS( OR(F56="Selenium (Hands-on)",F56="Guest Lecture: HR Interview"),6, OR(F56="Soft Skill",F56="Soft Skill (Examination)",F56="AWS Training",F56="AWS Session"),7, OR(ISNUMBER(SEARCH("MAD",F56)),ISNUMBER(SEARCH("STQA",F56)),F56="CI/CD Session"),8, OR(ISNUMBER(SEARCH("Cloud",F56)),F56="Industry Readiness Program",ISNUMBER(SEARCH("Talenlio",F56))),9, OR(ISNUMBER(SEARCH("Innovation",F56)),F56="Mini Project"),10, OR(ISNUMBER(SEARCH("Data Science",F56)),ISNUMBER(SEARCH("DS",F56))),11, ISNUMBER(SEARCH("Generative AI",F56)),12 =_xlfn.IFS( OR(F56="Selenium (Hands-on)",F56="Guest Lecture: HR Interview"),6, OR(F56="Soft Skill",F56="Soft Skill (Examination)",F56="AWS Training",F56="AWS Session"),7, OR(ISNUMBER(SEARCH("MAD",F56)),ISNUMBER(SEARCH("STQA",F56)),F56="CI/CD Session"),8, OR(ISNUMBER(SEARCH("Cloud",F56)),F56="Industry Readiness Program",ISNUMBER(SEARCH("Talenlio",F56))),9, OR(ISNUMBER(SEARCH("Innovation",F56)),F56="Mini Project"),10, OR(ISNUMBER(SEARCH("Data Science",F56)),ISNUMBER(SEARCH("DS",F56))),11, ISNUMBER(SEARCH("Generative AI",F56)),12 =_xlfn.IFS( OR(F56="Selenium (Hands-on)",F56="Guest Lecture: HR Interview"),6, OR(F56="Soft Skill",F56="Soft Skill (Examination)",F56="AWS Training",F56="AWS Session"),7, OR(ISNUMBER(SEARCH("MAD",F56)),ISNUMBER(SEARCH("STQA",F56)),F56="CI/CD Session"),8, OR(ISNUMBER(SEARCH("Cloud",F56)),F56="Industry Readiness Program",ISNUMBER(SEARCH("Talenlio",F56))),9, OR(ISNUMBER(SEARCH("Innovation",F56)),F56="Mini Project"),10, OR(ISNUMBER(SEARCH("Data Science",F56)),ISNUMBER(SEARCH("DS",F56))),11, ISNUMBER(SEARCH("Generative AI",F56)),12 =_xlfn.IFS( OR(F56="Selenium (Hands-on)",F56="Guest Lecture: HR Interview"),6, OR(F56="Soft Skill",F56="Soft Skill (Examination)",F56="AWS Training",F56="AWS Session"),7, OR(ISNUMBER(SEARCH("MAD",F56)),ISNUMBER(SEARCH("STQA",F56)),F56="CI/CD Session"),8, OR(ISNUMBER(SEARCH("Cloud",F56)),F56="Industry Readiness Program",ISNUMBER(SEARCH("Talenlio",F56))),9, OR(ISNUMBER(SEARCH("Innovation",F56)),F56="Mini Project"),10, OR(ISNUMBER(SEARCH("Data Science",F56)),ISNUMBER(SEARCH("DS",F56))),11, ISNUMBER(SEARCH("Generative AI",F56)),12 ))))} -> 10 | X56: 3 | Y56: 15 | Z56: Morning
A57: 46202 | B57: Monday | C57: 5 | D57: 0.5625 | E57: 0.60416667 | F57: STQA Practical | G57: DPY | H57: III | I57: MCA | J57: A | K57: Computer Lab | L57: 103 | M57: =RANDBETWEEN(40,103) -> 57 | N57: =IF(OR(L57="",M57=""),"",M57/L57*100) -> 55.339806 | O57: {=IFERROR(LOOKUP(2, 1/((F$1:F56=F57)*(J$1:J56=J57)*(ROW(F$1:F56)<ROW(F57))), N$1:N56), "")} -> 76.699029 | P57: =IF(C57=1, 0, IF(AND(A57=A56, J57=J56), ROUND(MAX(0, (D57-E56)*24), 2), 0)) -> 1.25 | Q57: Practical | R57: No | S57: =IF(OR(ISNUMBER(SEARCH("Guest", F57)), ISNUMBER(SEARCH("Hands-on", F57)), ISNUMBER(SEARCH("Project", F57)), B57="Friday"), "Yes", "No") -> No | T57: Yes | U57: =IF(MONTH(A57)=6, IF(DAY(A57)<20, "Sunny", "Cloudy"), IF(OR(MONTH(A57)=7, MONTH(A57)=8), "Rainy", "Sunny")) -> Cloudy | V57: No | W57: {=_xlfn.IFS( OR(F57="Selenium (Hands-on)",F57="Guest Lecture: HR Interview"),6, OR(F57="Soft Skill",F57="Soft Skill (Examination)",F57="AWS Training",F57="AWS Session"),7, OR(ISNUMBER(SEARCH("MAD",F57)),ISNUMBER(SEARCH("STQA",F57)),F57="CI/CD Session"),8, OR(ISNUMBER(SEARCH("Cloud",F57)),F57="Industry Readiness Program",ISNUMBER(SEARCH("Talenlio",F57))),9, OR(ISNUMBER(SEARCH("Innovation",F57)),F57="Mini Project"),10, OR(ISNUMBER(SEARCH("Data Science",F57)),ISNUMBER(SEARCH("DS",F57))),11, ISNUMBER(SEARCH("Generative AI",F57)),12 =_xlfn.IFS( OR(F57="Selenium (Hands-on)",F57="Guest Lecture: HR Interview"),6, OR(F57="Soft Skill",F57="Soft Skill (Examination)",F57="AWS Training",F57="AWS Session"),7, OR(ISNUMBER(SEARCH("MAD",F57)),ISNUMBER(SEARCH("STQA",F57)),F57="CI/CD Session"),8, OR(ISNUMBER(SEARCH("Cloud",F57)),F57="Industry Readiness Program",ISNUMBER(SEARCH("Talenlio",F57))),9, OR(ISNUMBER(SEARCH("Innovation",F57)),F57="Mini Project"),10, OR(ISNUMBER(SEARCH("Data Science",F57)),ISNUMBER(SEARCH("DS",F57))),11, ISNUMBER(SEARCH("Generative AI",F57)),12 =_xlfn.IFS( OR(F57="Selenium (Hands-on)",F57="Guest Lecture: HR Interview"),6, OR(F57="Soft Skill",F57="Soft Skill (Examination)",F57="AWS Training",F57="AWS Session"),7, OR(ISNUMBER(SEARCH("MAD",F57)),ISNUMBER(SEARCH("STQA",F57)),F57="CI/CD Session"),8, OR(ISNUMBER(SEARCH("Cloud",F57)),F57="Industry Readiness Program",ISNUMBER(SEARCH("Talenlio",F57))),9, OR(ISNUMBER(SEARCH("Innovation",F57)),F57="Mini Project"),10, OR(ISNUMBER(SEARCH("Data Science",F57)),ISNUMBER(SEARCH("DS",F57))),11, ISNUMBER(SEARCH("Generative AI",F57)),12 =_xlfn.IFS( OR(F57="Selenium (Hands-on)",F57="Guest Lecture: HR Interview"),6, OR(F57="Soft Skill",F57="Soft Skill (Examination)",F57="AWS Training",F57="AWS Session"),7, OR(ISNUMBER(SEARCH("MAD",F57)),ISNUMBER(SEARCH("STQA",F57)),F57="CI/CD Session"),8, OR(ISNUMBER(SEARCH("Cloud",F57)),F57="Industry Readiness Program",ISNUMBER(SEARCH("Talenlio",F57))),9, OR(ISNUMBER(SEARCH("Innovation",F57)),F57="Mini Project"),10, OR(ISNUMBER(SEARCH("Data Science",F57)),ISNUMBER(SEARCH("DS",F57))),11, ISNUMBER(SEARCH("Generative AI",F57)),12 ))))} -> 8 | X57: 3 | Y57: 15 | Z57: Afternoon
A58: 46202 | B58: Monday | C58: 6 | D58: 0.60416667 | E58: 0.64583333 | F58: STQA Practical | G58: DPY | H58: III | I58: MCA | J58: A | K58: Computer Lab | L58: 103 | M58: =RANDBETWEEN(40,103) -> 63 | N58: =IF(OR(L58="",M58=""),"",M58/L58*100) -> 61.165049 | O58: {=IFERROR(LOOKUP(2, 1/((F$1:F57=F58)*(J$1:J57=J58)*(ROW(F$1:F57)<ROW(F58))), N$1:N57), "")} -> 55.339806 | P58: =IF(C58=1, 0, IF(AND(A58=A57, J58=J57), ROUND(MAX(0, (D58-E57)*24), 2), 0)) -> 0 | Q58: Practical | R58: No | S58: =IF(OR(ISNUMBER(SEARCH("Guest", F58)), ISNUMBER(SEARCH("Hands-on", F58)), ISNUMBER(SEARCH("Project", F58)), B58="Friday"), "Yes", "No") -> No | T58: Yes | U58: =IF(MONTH(A58)=6, IF(DAY(A58)<20, "Sunny", "Cloudy"), IF(OR(MONTH(A58)=7, MONTH(A58)=8), "Rainy", "Sunny")) -> Cloudy | V58: No | W58: {=_xlfn.IFS( OR(F58="Selenium (Hands-on)",F58="Guest Lecture: HR Interview"),6, OR(F58="Soft Skill",F58="Soft Skill (Examination)",F58="AWS Training",F58="AWS Session"),7, OR(ISNUMBER(SEARCH("MAD",F58)),ISNUMBER(SEARCH("STQA",F58)),F58="CI/CD Session"),8, OR(ISNUMBER(SEARCH("Cloud",F58)),F58="Industry Readiness Program",ISNUMBER(SEARCH("Talenlio",F58))),9, OR(ISNUMBER(SEARCH("Innovation",F58)),F58="Mini Project"),10, OR(ISNUMBER(SEARCH("Data Science",F58)),ISNUMBER(SEARCH("DS",F58))),11, ISNUMBER(SEARCH("Generative AI",F58)),12 =_xlfn.IFS( OR(F58="Selenium (Hands-on)",F58="Guest Lecture: HR Interview"),6, OR(F58="Soft Skill",F58="Soft Skill (Examination)",F58="AWS Training",F58="AWS Session"),7, OR(ISNUMBER(SEARCH("MAD",F58)),ISNUMBER(SEARCH("STQA",F58)),F58="CI/CD Session"),8, OR(ISNUMBER(SEARCH("Cloud",F58)),F58="Industry Readiness Program",ISNUMBER(SEARCH("Talenlio",F58))),9, OR(ISNUMBER(SEARCH("Innovation",F58)),F58="Mini Project"),10, OR(ISNUMBER(SEARCH("Data Science",F58)),ISNUMBER(SEARCH("DS",F58))),11, ISNUMBER(SEARCH("Generative AI",F58)),12 =_xlfn.IFS( OR(F58="Selenium (Hands-on)",F58="Guest Lecture: HR Interview"),6, OR(F58="Soft Skill",F58="Soft Skill (Examination)",F58="AWS Training",F58="AWS Session"),7, OR(ISNUMBER(SEARCH("MAD",F58)),ISNUMBER(SEARCH("STQA",F58)),F58="CI/CD Session"),8, OR(ISNUMBER(SEARCH("Cloud",F58)),F58="Industry Readiness Program",ISNUMBER(SEARCH("Talenlio",F58))),9, OR(ISNUMBER(SEARCH("Innovation",F58)),F58="Mini Project"),10, OR(ISNUMBER(SEARCH("Data Science",F58)),ISNUMBER(SEARCH("DS",F58))),11, ISNUMBER(SEARCH("Generative AI",F58)),12 =_xlfn.IFS( OR(F58="Selenium (Hands-on)",F58="Guest Lecture: HR Interview"),6, OR(F58="Soft Skill",F58="Soft Skill (Examination)",F58="AWS Training",F58="AWS Session"),7, OR(ISNUMBER(SEARCH("MAD",F58)),ISNUMBER(SEARCH("STQA",F58)),F58="CI/CD Session"),8, OR(ISNUMBER(SEARCH("Cloud",F58)),F58="Industry Readiness Program",ISNUMBER(SEARCH("Talenlio",F58))),9, OR(ISNUMBER(SEARCH("Innovation",F58)),F58="Mini Project"),10, OR(ISNUMBER(SEARCH("Data Science",F58)),ISNUMBER(SEARCH("DS",F58))),11, ISNUMBER(SEARCH("Generative AI",F58)),12 ))))} -> 8 | X58: 3 | Y58: 15 | Z58: Afternoon
A59: 46203 | B59: Tuesday | C59: 1 | D59: 0.35416667 | E59: 0.38541667 | F59: MAD (Mobile Application Development) | G59: OL | H59: III | I59: MCA | J59: A | K59: Computer Lab | L59: 103 | M59: =RANDBETWEEN(40,103) -> 61 | N59: =IF(OR(L59="",M59=""),"",M59/L59*100) -> 59.223301 | O59: {=IFERROR(LOOKUP(2, 1/((F$1:F58=F59)*(J$1:J58=J59)*(ROW(F$1:F58)<ROW(F59))), N$1:N58), "")} -> 94.174757 | P59: =IF(C59=1, 0, IF(AND(A59=A58, J59=J58), ROUND(MAX(0, (D59-E58)*24), 2), 0)) -> 0 | Q59: Practical | R59: No | S59: =IF(OR(ISNUMBER(SEARCH("Guest", F59)), ISNUMBER(SEARCH("Hands-on", F59)), ISNUMBER(SEARCH("Project", F59)), B59="Friday"), "Yes", "No") -> No | T59: No | U59: =IF(MONTH(A59)=6, IF(DAY(A59)<20, "Sunny", "Cloudy"), IF(OR(MONTH(A59)=7, MONTH(A59)=8), "Rainy", "Sunny")) -> Cloudy | V59: No | W59: {=_xlfn.IFS( OR(F59="Selenium (Hands-on)",F59="Guest Lecture: HR Interview"),6, OR(F59="Soft Skill",F59="Soft Skill (Examination)",F59="AWS Training",F59="AWS Session"),7, OR(ISNUMBER(SEARCH("MAD",F59)),ISNUMBER(SEARCH("STQA",F59)),F59="CI/CD Session"),8, OR(ISNUMBER(SEARCH("Cloud",F59)),F59="Industry Readiness Program",ISNUMBER(SEARCH("Talenlio",F59))),9, OR(ISNUMBER(SEARCH("Innovation",F59)),F59="Mini Project"),10, OR(ISNUMBER(SEARCH("Data Science",F59)),ISNUMBER(SEARCH("DS",F59))),11, ISNUMBER(SEARCH("Generative AI",F59)),12 =_xlfn.IFS( OR(F59="Selenium (Hands-on)",F59="Guest Lecture: HR Interview"),6, OR(F59="Soft Skill",F59="Soft Skill (Examination)",F59="AWS Training",F59="AWS Session"),7, OR(ISNUMBER(SEARCH("MAD",F59)),ISNUMBER(SEARCH("STQA",F59)),F59="CI/CD Session"),8, OR(ISNUMBER(SEARCH("Cloud",F59)),F59="Industry Readiness Program",ISNUMBER(SEARCH("Talenlio",F59))),9, OR(ISNUMBER(SEARCH("Innovation",F59)),F59="Mini Project"),10, OR(ISNUMBER(SEARCH("Data Science",F59)),ISNUMBER(SEARCH("DS",F59))),11, ISNUMBER(SEARCH("Generative AI",F59)),12 =_xlfn.IFS( OR(F59="Selenium (Hands-on)",F59="Guest Lecture: HR Interview"),6, OR(F59="Soft Skill",F59="Soft Skill (Examination)",F59="AWS Training",F59="AWS Session"),7, OR(ISNUMBER(SEARCH("MAD",F59)),ISNUMBER(SEARCH("STQA",F59)),F59="CI/CD Session"),8, OR(ISNUMBER(SEARCH("Cloud",F59)),F59="Industry Readiness Program",ISNUMBER(SEARCH("Talenlio",F59))),9, OR(ISNUMBER(SEARCH("Innovation",F59)),F59="Mini Project"),10, OR(ISNUMBER(SEARCH("Data Science",F59)),ISNUMBER(SEARCH("DS",F59))),11, ISNUMBER(SEARCH("Generative AI",F59)),12 =_xlfn.IFS( OR(F59="Selenium (Hands-on)",F59="Guest Lecture: HR Interview"),6, OR(F59="Soft Skill",F59="Soft Skill (Examination)",F59="AWS Training",F59="AWS Session"),7, OR(ISNUMBER(SEARCH("MAD",F59)),ISNUMBER(SEARCH("STQA",F59)),F59="CI/CD Session"),8, OR(ISNUMBER(SEARCH("Cloud",F59)),F59="Industry Readiness Program",ISNUMBER(SEARCH("Talenlio",F59))),9, OR(ISNUMBER(SEARCH("Innovation",F59)),F59="Mini Project"),10, OR(ISNUMBER(SEARCH("Data Science",F59)),ISNUMBER(SEARCH("DS",F59))),11, ISNUMBER(SEARCH("Generative AI",F59)),12 ))))} -> 8 | X59: 3 | Y59: 16 | Z59: Morning
A60: 46203 | B60: Tuesday | C60: 2 | D60: 0.38541667 | E60: 0.42708333 | F60: MAD (Mobile Application Development) | G60: OL | H60: III | I60: MCA | J60: A | K60: Computer Lab | L60: 103 | M60: =RANDBETWEEN(40,103) -> 64 | N60: =IF(OR(L60="",M60=""),"",M60/L60*100) -> 62.135922 | O60: {=IFERROR(LOOKUP(2, 1/((F$1:F59=F60)*(J$1:J59=J60)*(ROW(F$1:F59)<ROW(F60))), N$1:N59), "")} -> 59.223301 | P60: =IF(C60=1, 0, IF(AND(A60=A59, J60=J59), ROUND(MAX(0, (D60-E59)*24), 2), 0)) -> 0 | Q60: Practical | R60: No | S60: =IF(OR(ISNUMBER(SEARCH("Guest", F60)), ISNUMBER(SEARCH("Hands-on", F60)), ISNUMBER(SEARCH("Project", F60)), B60="Friday"), "Yes", "No") -> No | T60: No | U60: =IF(MONTH(A60)=6, IF(DAY(A60)<20, "Sunny", "Cloudy"), IF(OR(MONTH(A60)=7, MONTH(A60)=8), "Rainy", "Sunny")) -> Cloudy | V60: No | W60: {=_xlfn.IFS( OR(F60="Selenium (Hands-on)",F60="Guest Lecture: HR Interview"),6, OR(F60="Soft Skill",F60="Soft Skill (Examination)",F60="AWS Training",F60="AWS Session"),7, OR(ISNUMBER(SEARCH("MAD",F60)),ISNUMBER(SEARCH("STQA",F60)),F60="CI/CD Session"),8, OR(ISNUMBER(SEARCH("Cloud",F60)),F60="Industry Readiness Program",ISNUMBER(SEARCH("Talenlio",F60))),9, OR(ISNUMBER(SEARCH("Innovation",F60)),F60="Mini Project"),10, OR(ISNUMBER(SEARCH("Data Science",F60)),ISNUMBER(SEARCH("DS",F60))),11, ISNUMBER(SEARCH("Generative AI",F60)),12 =_xlfn.IFS( OR(F60="Selenium (Hands-on)",F60="Guest Lecture: HR Interview"),6, OR(F60="Soft Skill",F60="Soft Skill (Examination)",F60="AWS Training",F60="AWS Session"),7, OR(ISNUMBER(SEARCH("MAD",F60)),ISNUMBER(SEARCH("STQA",F60)),F60="CI/CD Session"),8, OR(ISNUMBER(SEARCH("Cloud",F60)),F60="Industry Readiness Program",ISNUMBER(SEARCH("Talenlio",F60))),9, OR(ISNUMBER(SEARCH("Innovation",F60)),F60="Mini Project"),10, OR(ISNUMBER(SEARCH("Data Science",F60)),ISNUMBER(SEARCH("DS",F60))),11, ISNUMBER(SEARCH("Generative AI",F60)),12 =_xlfn.IFS( OR(F60="Selenium (Hands-on)",F60="Guest Lecture: HR Interview"),6, OR(F60="Soft Skill",F60="Soft Skill (Examination)",F60="AWS Training",F60="AWS Session"),7, OR(ISNUMBER(SEARCH("MAD",F60)),ISNUMBER(SEARCH("STQA",F60)),F60="CI/CD Session"),8, OR(ISNUMBER(SEARCH("Cloud",F60)),F60="Industry Readiness Program",ISNUMBER(SEARCH("Talenlio",F60))),9, OR(ISNUMBER(SEARCH("Innovation",F60)),F60="Mini Project"),10, OR(ISNUMBER(SEARCH("Data Science",F60)),ISNUMBER(SEARCH("DS",F60))),11, ISNUMBER(SEARCH("Generative AI",F60)),12 =_xlfn.IFS( OR(F60="Selenium (Hands-on)",F60="Guest Lecture: HR Interview"),6, OR(F60="Soft Skill",F60="Soft Skill (Examination)",F60="AWS Training",F60="AWS Session"),7, OR(ISNUMBER(SEARCH("MAD",F60)),ISNUMBER(SEARCH("STQA",F60)),F60="CI/CD Session"),8, OR(ISNUMBER(SEARCH("Cloud",F60)),F60="Industry Readiness Program",ISNUMBER(SEARCH("Talenlio",F60))),9, OR(ISNUMBER(SEARCH("Innovation",F60)),F60="Mini Project"),10, OR(ISNUMBER(SEARCH("Data Science",F60)),ISNUMBER(SEARCH("DS",F60))),11, ISNUMBER(SEARCH("Generative AI",F60)),12 ))))} -> 8 | X60: 3 | Y60: 16 | Z60: Morning
A61: 46203 | B61: Tuesday | C61: 3 | D61: 0.42708333 | E61: 0.46875 | F61: Principles of Cloud Management and Security | G61: SDM | H61: III | I61: MCA | J61: A | K61: Computer Lab | L61: 103 | M61: =RANDBETWEEN(40,103) -> 102 | N61: =IF(OR(L61="",M61=""),"",M61/L61*100) -> 99.029126 | O61: {=IFERROR(LOOKUP(2, 1/((F$1:F60=F61)*(J$1:J60=J61)*(ROW(F$1:F60)<ROW(F61))), N$1:N60), "")} -> 50.485437 | P61: =IF(C61=1, 0, IF(AND(A61=A60, J61=J60), ROUND(MAX(0, (D61-E60)*24), 2), 0)) -> 0 | Q61: Theory | R61: No | S61: =IF(OR(ISNUMBER(SEARCH("Guest", F61)), ISNUMBER(SEARCH("Hands-on", F61)), ISNUMBER(SEARCH("Project", F61)), B61="Friday"), "Yes", "No") -> No | T61: No | U61: =IF(MONTH(A61)=6, IF(DAY(A61)<20, "Sunny", "Cloudy"), IF(OR(MONTH(A61)=7, MONTH(A61)=8), "Rainy", "Sunny")) -> Cloudy | V61: No | W61: {=_xlfn.IFS( OR(F61="Selenium (Hands-on)",F61="Guest Lecture: HR Interview"),6, OR(F61="Soft Skill",F61="Soft Skill (Examination)",F61="AWS Training",F61="AWS Session"),7, OR(ISNUMBER(SEARCH("MAD",F61)),ISNUMBER(SEARCH("STQA",F61)),F61="CI/CD Session"),8, OR(ISNUMBER(SEARCH("Cloud",F61)),F61="Industry Readiness Program",ISNUMBER(SEARCH("Talenlio",F61))),9, OR(ISNUMBER(SEARCH("Innovation",F61)),F61="Mini Project"),10, OR(ISNUMBER(SEARCH("Data Science",F61)),ISNUMBER(SEARCH("DS",F61))),11, ISNUMBER(SEARCH("Generative AI",F61)),12 =_xlfn.IFS( OR(F61="Selenium (Hands-on)",F61="Guest Lecture: HR Interview"),6, OR(F61="Soft Skill",F61="Soft Skill (Examination)",F61="AWS Training",F61="AWS Session"),7, OR(ISNUMBER(SEARCH("MAD",F61)),ISNUMBER(SEARCH("STQA",F61)),F61="CI/CD Session"),8, OR(ISNUMBER(SEARCH("Cloud",F61)),F61="Industry Readiness Program",ISNUMBER(SEARCH("Talenlio",F61))),9, OR(ISNUMBER(SEARCH("Innovation",F61)),F61="Mini Project"),10, OR(ISNUMBER(SEARCH("Data Science",F61)),ISNUMBER(SEARCH("DS",F61))),11, ISNUMBER(SEARCH("Generative AI",F61)),12 =_xlfn.IFS( OR(F61="Selenium (Hands-on)",F61="Guest Lecture: HR Interview"),6, OR(F61="Soft Skill",F61="Soft Skill (Examination)",F61="AWS Training",F61="AWS Session"),7, OR(ISNUMBER(SEARCH("MAD",F61)),ISNUMBER(SEARCH("STQA",F61)),F61="CI/CD Session"),8, OR(ISNUMBER(SEARCH("Cloud",F61)),F61="Industry Readiness Program",ISNUMBER(SEARCH("Talenlio",F61))),9, OR(ISNUMBER(SEARCH("Innovation",F61)),F61="Mini Project"),10, OR(ISNUMBER(SEARCH("Data Science",F61)),ISNUMBER(SEARCH("DS",F61))),11, ISNUMBER(SEARCH("Generative AI",F61)),12 =_xlfn.IFS( OR(F61="Selenium (Hands-on)",F61="Guest Lecture: HR Interview"),6, OR(F61="Soft Skill",F61="Soft Skill (Examination)",F61="AWS Training",F61="AWS Session"),7, OR(ISNUMBER(SEARCH("MAD",F61)),ISNUMBER(SEARCH("STQA",F61)),F61="CI/CD Session"),8, OR(ISNUMBER(SEARCH("Cloud",F61)),F61="Industry Readiness Program",ISNUMBER(SEARCH("Talenlio",F61))),9, OR(ISNUMBER(SEARCH("Innovation",F61)),F61="Mini Project"),10, OR(ISNUMBER(SEARCH("Data Science",F61)),ISNUMBER(SEARCH("DS",F61))),11, ISNUMBER(SEARCH("Generative AI",F61)),12 ))))} -> 9 | X61: 3 | Y61: 16 | Z61: Morning
... A66: 46204 | B66: Wednesday | C66: 2 | D66: 0.38541667 | E66: 0.42708333 | F66: MAD (Mobile Application Development) | G66: OL | H66: III | I66: MCA | J66: A | K66: Computer Lab | L66: 103 | M66: =RANDBETWEEN(40,103) -> 73 | N66: =IF(OR(L66="",M66=""),"",M66/L66*100) -> 70.873786 | O66: {=IFERROR(LOOKUP(2, 1/((F$1:F65=F66)*(J$1:J65=J66)*(ROW(F$1:F65)<ROW(F66))), N$1:N65), "")} -> 55.339806 | P66: =IF(C66=1, 0, IF(AND(A66=A65, J66=J65), ROUND(MAX(0, (D66-E65)*24), 2), 0)) -> 0 | Q66: Practical | R66: No | S66: =IF(OR(ISNUMBER(SEARCH("Guest", F66)), ISNUMBER(SEARCH("Hands-on", F66)), ISNUMBER(SEARCH("Project", F66)), B66="Friday"), "Yes", "No") -> No | T66: No | U66: =IF(MONTH(A66)=6, IF(DAY(A66)<20, "Sunny", "Cloudy"), IF(OR(MONTH(A66)=7, MONTH(A66)=8), "Rainy", "Sunny")) -> Rainy | V66: No | W66: {=_xlfn.IFS( OR(F66="Selenium (Hands-on)",F66="Guest Lecture: HR Interview"),6, OR(F66="Soft Skill",F66="Soft Skill (Examination)",F66="AWS Training",F66="AWS Session"),7, OR(ISNUMBER(SEARCH("MAD",F66)),ISNUMBER(SEARCH("STQA",F66)),F66="CI/CD Session"),8, OR(ISNUMBER(SEARCH("Cloud",F66)),F66="Industry Readiness Program",ISNUMBER(SEARCH("Talenlio",F66))),9, OR(ISNUMBER(SEARCH("Innovation",F66)),F66="Mini Project"),10, OR(ISNUMBER(SEARCH("Data Science",F66)),ISNUMBER(SEARCH("DS",F66))),11, ISNUMBER(SEARCH("Generative AI",F66)),12 =_xlfn.IFS( OR(F66="Selenium (Hands-on)",F66="Guest Lecture: HR Interview"),6, OR(F66="Soft Skill",F66="Soft Skill (Examination)",F66="AWS Training",F66="AWS Session"),7, OR(ISNUMBER(SEARCH("MAD",F66)),ISNUMBER(SEARCH("STQA",F66)),F66="CI/CD Session"),8, OR(ISNUMBER(SEARCH("Cloud",F66)),F66="Industry Readiness Program",ISNUMBER(SEARCH("Talenlio",F66))),9, OR(ISNUMBER(SEARCH("Innovation",F66)),F66="Mini Project"),10, OR(ISNUMBER(SEARCH("Data Science",F66)),ISNUMBER(SEARCH("DS",F66))),11, ISNUMBER(SEARCH("Generative AI",F66)),12 =_xlfn.IFS( OR(F66="Selenium (Hands-on)",F66="Guest Lecture: HR Interview"),6, OR(F66="Soft Skill",F66="Soft Skill (Examination)",F66="AWS Training",F66="AWS Session"),7, OR(ISNUMBER(SEARCH("MAD",F66)),ISNUMBER(SEARCH("STQA",F66)),F66="CI/CD Session"),8, OR(ISNUMBER(SEARCH("Cloud",F66)),F66="Industry Readiness Program",ISNUMBER(SEARCH("Talenlio",F66))),9, OR(ISNUMBER(SEARCH("Innovation",F66)),F66="Mini Project"),10, OR(ISNUMBER(SEARCH("Data Science",F66)),ISNUMBER(SEARCH("DS",F66))),11, ISNUMBER(SEARCH("Generative AI",F66)),12 =_xlfn.IFS( OR(F66="Selenium (Hands-on)",F66="Guest Lecture: HR Interview"),6, OR(F66="Soft Skill",F66="Soft Skill (Examination)",F66="AWS Training",F66="AWS Session"),7, OR(ISNUMBER(SEARCH("MAD",F66)),ISNUMBER(SEARCH("STQA",F66)),F66="CI/CD Session"),8, OR(ISNUMBER(SEARCH("Cloud",F66)),F66="Industry Readiness Program",ISNUMBER(SEARCH("Talenlio",F66))),9, OR(ISNUMBER(SEARCH("Innovation",F66)),F66="Mini Project"),10, OR(ISNUMBER(SEARCH("Data Science",F66)),ISNUMBER(SEARCH("DS",F66))),11, ISNUMBER(SEARCH("Generative AI",F66)),12 ))))} -> 8 | X66: 3 | Y66: 17 | Z66: Morning
A67: 46204 | B67: Wednesday | C67: 3 | D67: 0.42708333 | E67: 0.46875 | F67: Software Testing and Quality Assurance | G67: DPY | H67: III | I67: MCA | J67: A | K67: Computer Lab | L67: 103 | M67: =RANDBETWEEN(40,103) -> 75 | N67: =IF(OR(L67="",M67=""),"",M67/L67*100) -> 72.815534 | O67: {=IFERROR(LOOKUP(2, 1/((F$1:F66=F67)*(J$1:J66=J67)*(ROW(F$1:F66)<ROW(F67))), N$1:N66), "")} -> 53.398058 | P67: =IF(C67=1, 0, IF(AND(A67=A66, J67=J66), ROUND(MAX(0, (D67-E66)*24), 2), 0)) -> 0 | Q67: Theory | R67: No | S67: =IF(OR(ISNUMBER(SEARCH("Guest", F67)), ISNUMBER(SEARCH("Hands-on", F67)), ISNUMBER(SEARCH("Project", F67)), B67="Friday"), "Yes", "No") -> No | T67: No | U67: =IF(MONTH(A67)=6, IF(DAY(A67)<20, "Sunny", "Cloudy"), IF(OR(MONTH(A67)=7, MONTH(A67)=8), "Rainy", "Sunny")) -> Rainy | V67: No | W67: 7 | X67: 3 | Y67: 17 | Z67: Morning
A68: 46204 | B68: Wednesday | C68: 4 | D68: 0.46875 | E68: 0.51041667 | F68: Principles of Cloud Management and Security | G68: SDM | H68: III | I68: MCA | J68: A | K68: Computer Lab | L68: 103 | M68: =RANDBETWEEN(40,103) -> 66 | N68: =IF(OR(L68="",M68=""),"",M68/L68*100) -> 64.07767 | O68: {=IFERROR(LOOKUP(2, 1/((F$1:F67=F68)*(J$1:J67=J68)*(ROW(F$1:F67)<ROW(F68))), N$1:N67), "")} -> 99.029126 | P68: =IF(C68=1, 0, IF(AND(A68=A67, J68=J67), ROUND(MAX(0, (D68-E67)*24), 2), 0)) -> 0 | Q68: Theory | R68: No | S68: =IF(OR(ISNUMBER(SEARCH("Guest", F68)), ISNUMBER(SEARCH("Hands-on", F68)), ISNUMBER(SEARCH("Project", F68)), B68="Friday"), "Yes", "No") -> No | T68: No | U68: =IF(MONTH(A68)=6, IF(DAY(A68)<20, "Sunny", "Cloudy"), IF(OR(MONTH(A68)=7, MONTH(A68)=8), "Rainy", "Sunny")) -> Rainy | V68: No | W68: {=_xlfn.IFS( OR(F68="Selenium (Hands-on)",F68="Guest Lecture: HR Interview"),6, OR(F68="Soft Skill",F68="Soft Skill (Examination)",F68="AWS Training",F68="AWS Session"),7, OR(ISNUMBER(SEARCH("MAD",F68)),ISNUMBER(SEARCH("STQA",F68)),F68="CI/CD Session"),8, OR(ISNUMBER(SEARCH("Cloud",F68)),F68="Industry Readiness Program",ISNUMBER(SEARCH("Talenlio",F68))),9, OR(ISNUMBER(SEARCH("Innovation",F68)),F68="Mini Project"),10, OR(ISNUMBER(SEARCH("Data Science",F68)),ISNUMBER(SEARCH("DS",F68))),11, ISNUMBER(SEARCH("Generative AI",F68)),12 =_xlfn.IFS( OR(F68="Selenium (Hands-on)",F68="Guest Lecture: HR Interview"),6, OR(F68="Soft Skill",F68="Soft Skill (Examination)",F68="AWS Training",F68="AWS Session"),7, OR(ISNUMBER(SEARCH("MAD",F68)),ISNUMBER(SEARCH("STQA",F68)),F68="CI/CD Session"),8, OR(ISNUMBER(SEARCH("Cloud",F68)),F68="Industry Readiness Program",ISNUMBER(SEARCH("Talenlio",F68))),9, OR(ISNUMBER(SEARCH("Innovation",F68)),F68="Mini Project"),10, OR(ISNUMBER(SEARCH("Data Science",F68)),ISNUMBER(SEARCH("DS",F68))),11, ISNUMBER(SEARCH("Generative AI",F68)),12 =_xlfn.IFS( OR(F68="Selenium (Hands-on)",F68="Guest Lecture: HR Interview"),6, OR(F68="Soft Skill",F68="Soft Skill (Examination)",F68="AWS Training",F68="AWS Session"),7, OR(ISNUMBER(SEARCH("MAD",F68)),ISNUMBER(SEARCH("STQA",F68)),F68="CI/CD Session"),8, OR(ISNUMBER(SEARCH("Cloud",F68)),F68="Industry Readiness Program",ISNUMBER(SEARCH("Talenlio",F68))),9, OR(ISNUMBER(SEARCH("Innovation",F68)),F68="Mini Project"),10, OR(ISNUMBER(SEARCH("Data Science",F68)),ISNUMBER(SEARCH("DS",F68))),11, ISNUMBER(SEARCH("Generative AI",F68)),12 =_xlfn.IFS( OR(F68="Selenium (Hands-on)",F68="Guest Lecture: HR Interview"),6, OR(F68="Soft Skill",F68="Soft Skill (Examination)",F68="AWS Training",F68="AWS Session"),7, OR(ISNUMBER(SEARCH("MAD",F68)),ISNUMBER(SEARCH("STQA",F68)),F68="CI/CD Session"),8, OR(ISNUMBER(SEARCH("Cloud",F68)),F68="Industry Readiness Program",ISNUMBER(SEARCH("Talenlio",F68))),9, OR(ISNUMBER(SEARCH("Innovation",F68)),F68="Mini Project"),10, OR(ISNUMBER(SEARCH("Data Science",F68)),ISNUMBER(SEARCH("DS",F68))),11, ISNUMBER(SEARCH("Generative AI",F68)),12 ))))} -> 9 | X68: 3 | Y68: 17 | Z68: Morning
A69: 46204 | B69: Wednesday | C69: 5 | D69: 0.5625 | E69: 0.60416667 | F69: Innovation and Entrepreneurship Development | G69: JSP | H69: III | I69: MCA | J69: A | K69: Computer Lab | L69: 103 | M69: =RANDBETWEEN(40,103) -> 47 | N69: =IF(OR(L69="",M69=""),"",M69/L69*100) -> 45.631068 | O69: {=IFERROR(LOOKUP(2, 1/((F$1:F68=F69)*(J$1:J68=J69)*(ROW(F$1:F68)<ROW(F69))), N$1:N68), "")} -> 81.553398 | P69: =IF(C69=1, 0, IF(AND(A69=A68, J69=J68), ROUND(MAX(0, (D69-E68)*24), 2), 0)) -> 1.25 | Q69: Theory | R69: No | S69: =IF(OR(ISNUMBER(SEARCH("Guest", F69)), ISNUMBER(SEARCH("Hands-on", F69)), ISNUMBER(SEARCH("Project", F69)), B69="Friday"), "Yes", "No") -> No | T69: No | U69: =IF(MONTH(A69)=6, IF(DAY(A69)<20, "Sunny", "Cloudy"), IF(OR(MONTH(A69)=7, MONTH(A69)=8), "Rainy", "Sunny")) -> Rainy | V69: No | W69: {=_xlfn.IFS( OR(F69="Selenium (Hands-on)",F69="Guest Lecture: HR Interview"),6, OR(F69="Soft Skill",F69="Soft Skill (Examination)",F69="AWS Training",F69="AWS Session"),7, OR(ISNUMBER(SEARCH("MAD",F69)),ISNUMBER(SEARCH("STQA",F69)),F69="CI/CD Session"),8, OR(ISNUMBER(SEARCH("Cloud",F69)),F69="Industry Readiness Program",ISNUMBER(SEARCH("Talenlio",F69))),9, OR(ISNUMBER(SEARCH("Innovation",F69)),F69="Mini Project"),10, OR(ISNUMBER(SEARCH("Data Science",F69)),ISNUMBER(SEARCH("DS",F69))),11, ISNUMBER(SEARCH("Generative AI",F69)),12 =_xlfn.IFS( OR(F69="Selenium (Hands-on)",F69="Guest Lecture: HR Interview"),6, OR(F69="Soft Skill",F69="Soft Skill (Examination)",F69="AWS Training",F69="AWS Session"),7, OR(ISNUMBER(SEARCH("MAD",F69)),ISNUMBER(SEARCH("STQA",F69)),F69="CI/CD Session"),8, OR(ISNUMBER(SEARCH("Cloud",F69)),F69="Industry Readiness Program",ISNUMBER(SEARCH("Talenlio",F69))),9, OR(ISNUMBER(SEARCH("Innovation",F69)),F69="Mini Project"),10, OR(ISNUMBER(SEARCH("Data Science",F69)),ISNUMBER(SEARCH("DS",F69))),11, ISNUMBER(SEARCH("Generative AI",F69)),12 =_xlfn.IFS( OR(F69="Selenium (Hands-on)",F69="Guest Lecture: HR Interview"),6, OR(F69="Soft Skill",F69="Soft Skill (Examination)",F69="AWS Training",F69="AWS Session"),7, OR(ISNUMBER(SEARCH("MAD",F69)),ISNUMBER(SEARCH("STQA",F69)),F69="CI/CD Session"),8, OR(ISNUMBER(SEARCH("Cloud",F69)),F69="Industry Readiness Program",ISNUMBER(SEARCH("Talenlio",F69))),9, OR(ISNUMBER(SEARCH("Innovation",F69)),F69="Mini Project"),10, OR(ISNUMBER(SEARCH("Data Science",F69)),ISNUMBER(SEARCH("DS",F69))),11, ISNUMBER(SEARCH("Generative AI",F69)),12 =_xlfn.IFS( OR(F69="Selenium (Hands-on)",F69="Guest Lecture: HR Interview"),6, OR(F69="Soft Skill",F69="Soft Skill (Examination)",F69="AWS Training",F69="AWS Session"),7, OR(ISNUMBER(SEARCH("MAD",F69)),ISNUMBER(SEARCH("STQA",F69)),F69="CI/CD Session"),8, OR(ISNUMBER(SEARCH("Cloud",F69)),F69="Industry Readiness Program",ISNUMBER(SEARCH("Talenlio",F69))),9, OR(ISNUMBER(SEARCH("Innovation",F69)),F69="Mini Project"),10, OR(ISNUMBER(SEARCH("Data Science",F69)),ISNUMBER(SEARCH("DS",F69))),11, ISNUMBER(SEARCH("Generative AI",F69)),12 ))))} -> 10 | X69: 3 | Y69: 17 | Z69: Afternoon
A70: 46204 | B70: Wednesday | C70: 6 | D70: 0.60416667 | E70: 0.64583333 | F70: Innovation and Entrepreneurship Development | G70: JSP | H70: III | I70: MCA | J70: A | K70: Computer Lab | L70: 103 | M70: =RANDBETWEEN(40,103) -> 88 | N70: =IF(OR(L70="",M70=""),"",M70/L70*100) -> 85.436893 | O70: {=IFERROR(LOOKUP(2, 1/((F$1:F69=F70)*(J$1:J69=J70)*(ROW(F$1:F69)<ROW(F70))), N$1:N69), "")} -> 45.631068 | P70: =IF(C70=1, 0, IF(AND(A70=A69, J70=J69), ROUND(MAX(0, (D70-E69)*24), 2), 0)) -> 0 | Q70: Theory | R70: No | S70: =IF(OR(ISNUMBER(SEARCH("Guest", F70)), ISNUMBER(SEARCH("Hands-on", F70)), ISNUMBER(SEARCH("Project", F70)), B70="Friday"), "Yes", "No") -> No | T70: No | U70: =IF(MONTH(A70)=6, IF(DAY(A70)<20, "Sunny", "Cloudy"), IF(OR(MONTH(A70)=7, MONTH(A70)=8), "Rainy", "Sunny")) -> Rainy | V70: No | W70: {=_xlfn.IFS( OR(F70="Selenium (Hands-on)",F70="Guest Lecture: HR Interview"),6, OR(F70="Soft Skill",F70="Soft Skill (Examination)",F70="AWS Training",F70="AWS Session"),7, OR(ISNUMBER(SEARCH("MAD",F70)),ISNUMBER(SEARCH("STQA",F70)),F70="CI/CD Session"),8, OR(ISNUMBER(SEARCH("Cloud",F70)),F70="Industry Readiness Program",ISNUMBER(SEARCH("Talenlio",F70))),9, OR(ISNUMBER(SEARCH("Innovation",F70)),F70="Mini Project"),10, OR(ISNUMBER(SEARCH("Data Science",F70)),ISNUMBER(SEARCH("DS",F70))),11, ISNUMBER(SEARCH("Generative AI",F70)),12 =_xlfn.IFS( OR(F70="Selenium (Hands-on)",F70="Guest Lecture: HR Interview"),6, OR(F70="Soft Skill",F70="Soft Skill (Examination)",F70="AWS Training",F70="AWS Session"),7, OR(ISNUMBER(SEARCH("MAD",F70)),ISNUMBER(SEARCH("STQA",F70)),F70="CI/CD Session"),8, OR(ISNUMBER(SEARCH("Cloud",F70)),F70="Industry Readiness Program",ISNUMBER(SEARCH("Talenlio",F70))),9, OR(ISNUMBER(SEARCH("Innovation",F70)),F70="Mini Project"),10, OR(ISNUMBER(SEARCH("Data Science",F70)),ISNUMBER(SEARCH("DS",F70))),11, ISNUMBER(SEARCH("Generative AI",F70)),12 =_xlfn.IFS( OR(F70="Selenium (Hands-on)",F70="Guest Lecture: HR Interview"),6, OR(F70="Soft Skill",F70="Soft Skill (Examination)",F70="AWS Training",F70="AWS Session"),7, OR(ISNUMBER(SEARCH("MAD",F70)),ISNUMBER(SEARCH("STQA",F70)),F70="CI/CD Session"),8, OR(ISNUMBER(SEARCH("Cloud",F70)),F70="Industry Readiness Program",ISNUMBER(SEARCH("Talenlio",F70))),9, OR(ISNUMBER(SEARCH("Innovation",F70)),F70="Mini Project"),10, OR(ISNUMBER(SEARCH("Data Science",F70)),ISNUMBER(SEARCH("DS",F70))),11, ISNUMBER(SEARCH("Generative AI",F70)),12 =_xlfn.IFS( OR(F70="Selenium (Hands-on)",F70="Guest Lecture: HR Interview"),6, OR(F70="Soft Skill",F70="Soft Skill (Examination)",F70="AWS Training",F70="AWS Session"),7, OR(ISNUMBER(SEARCH("MAD",F70)),ISNUMBER(SEARCH("STQA",F70)),F70="CI/CD Session"),8, OR(ISNUMBER(SEARCH("Cloud",F70)),F70="Industry Readiness Program",ISNUMBER(SEARCH("Talenlio",F70))),9, OR(ISNUMBER(SEARCH("Innovation",F70)),F70="Mini Project"),10, OR(ISNUMBER(SEARCH("Data Science",F70)),ISNUMBER(SEARCH("DS",F70))),11, ISNUMBER(SEARCH("Generative AI",F70)),12 ))))} -> 10 | X70: 3 | Y70: 17 | Z70: Afternoon
A71: 46205 | B71: Thursday | C71: 1 | D71: 0.35416667 | E71: 0.38541667 | F71: MAD (Mobile Application Development) | G71: OL | H71: III | I71: MCA | J71: A | K71: Computer Lab | L71: 103 | M71: =RANDBETWEEN(40,103) -> 102 | N71: =IF(OR(L71="",M71=""),"",M71/L71*100) -> 99.029126 | O71: {=IFERROR(LOOKUP(2, 1/((F$1:F70=F71)*(J$1:J70=J71)*(ROW(F$1:F70)<ROW(F71))), N$1:N70), "")} -> 70.873786 | P71: =IF(C71=1, 0, IF(AND(A71=A70, J71=J70), ROUND(MAX(0, (D71-E70)*24), 2), 0)) -> 0 | Q71: Practical | R71: No | S71: =IF(OR(ISNUMBER(SEARCH("Guest", F71)), ISNUMBER(SEARCH("Hands-on", F71)), ISNUMBER(SEARCH("Project", F71)), B71="Friday"), "Yes", "No") -> No | T71: No | U71: =IF(MONTH(A71)=6, IF(DAY(A71)<20, "Sunny", "Cloudy"), IF(OR(MONTH(A71)=7, MONTH(A71)=8), "Rainy", "Sunny")) -> Rainy | V71: No | W71: {=_xlfn.IFS( OR(F71="Selenium (Hands-on)",F71="Guest Lecture: HR Interview"),6, OR(F71="Soft Skill",F71="Soft Skill (Examination)",F71="AWS Training",F71="AWS Session"),7, OR(ISNUMBER(SEARCH("MAD",F71)),ISNUMBER(SEARCH("STQA",F71)),F71="CI/CD Session"),8, OR(ISNUMBER(SEARCH("Cloud",F71)),F71="Industry Readiness Program",ISNUMBER(SEARCH("Talenlio",F71))),9, OR(ISNUMBER(SEARCH("Innovation",F71)),F71="Mini Project"),10, OR(ISNUMBER(SEARCH("Data Science",F71)),ISNUMBER(SEARCH("DS",F71))),11, ISNUMBER(SEARCH("Generative AI",F71)),12 =_xlfn.IFS( OR(F71="Selenium (Hands-on)",F71="Guest Lecture: HR Interview"),6, OR(F71="Soft Skill",F71="Soft Skill (Examination)",F71="AWS Training",F71="AWS Session"),7, OR(ISNUMBER(SEARCH("MAD",F71)),ISNUMBER(SEARCH("STQA",F71)),F71="CI/CD Session"),8, OR(ISNUMBER(SEARCH("Cloud",F71)),F71="Industry Readiness Program",ISNUMBER(SEARCH("Talenlio",F71))),9, OR(ISNUMBER(SEARCH("Innovation",F71)),F71="Mini Project"),10, OR(ISNUMBER(SEARCH("Data Science",F71)),ISNUMBER(SEARCH("DS",F71))),11, ISNUMBER(SEARCH("Generative AI",F71)),12 =_xlfn.IFS( OR(F71="Selenium (Hands-on)",F71="Guest Lecture: HR Interview"),6, OR(F71="Soft Skill",F71="Soft Skill (Examination)",F71="AWS Training",F71="AWS Session"),7, OR(ISNUMBER(SEARCH("MAD",F71)),ISNUMBER(SEARCH("STQA",F71)),F71="CI/CD Session"),8, OR(ISNUMBER(SEARCH("Cloud",F71)),F71="Industry Readiness Program",ISNUMBER(SEARCH("Talenlio",F71))),9, OR(ISNUMBER(SEARCH("Innovation",F71)),F71="Mini Project"),10, OR(ISNUMBER(SEARCH("Data Science",F71)),ISNUMBER(SEARCH("DS",F71))),11, ISNUMBER(SEARCH("Generative AI",F71)),12 =_xlfn.IFS( OR(F71="Selenium (Hands-on)",F71="Guest Lecture: HR Interview"),6, OR(F71="Soft Skill",F71="Soft Skill (Examination)",F71="AWS Training",F71="AWS Session"),7, OR(ISNUMBER(SEARCH("MAD",F71)),ISNUMBER(SEARCH("STQA",F71)),F71="CI/CD Session"),8, OR(ISNUMBER(SEARCH("Cloud",F71)),F71="Industry Readiness Program",ISNUMBER(SEARCH("Talenlio",F71))),9, OR(ISNUMBER(SEARCH("Innovation",F71)),F71="Mini Project"),10, OR(ISNUMBER(SEARCH("Data Science",F71)),ISNUMBER(SEARCH("DS",F71))),11, ISNUMBER(SEARCH("Generative AI",F71)),12 ))))} -> 8 | X71: 3 | Y71: 18 | Z71: Morning
A72: 46205 | B72: Thursday | C72: 2 | D72: 0.38541667 | E72: 0.42708333 | F72: MAD (Mobile Application Development) | G72: OL | H72: III | I72: MCA | J72: A | K72: Computer Lab | L72: 103 | M72: =RANDBETWEEN(40,103) -> 60 | N72: =IF(OR(L72="",M72=""),"",M72/L72*100) -> 58.252427 | O72: {=IFERROR(LOOKUP(2, 1/((F$1:F71=F72)*(J$1:J71=J72)*(ROW(F$1:F71)<ROW(F72))), N$1:N71), "")} -> 99.029126 | P72: =IF(C72=1, 0, IF(AND(A72=A71, J72=J71), ROUND(MAX(0, (D72-E71)*24), 2), 0)) -> 0 | Q72: Practical | R72: No | S72: =IF(OR(ISNUMBER(SEARCH("Guest", F72)), ISNUMBER(SEARCH("Hands-on", F72)), ISNUMBER(SEARCH("Project", F72)), B72="Friday"), "Yes", "No") -> No | T72: No | U72: =IF(MONTH(A72)=6, IF(DAY(A72)<20, "Sunny", "Cloudy"), IF(OR(MONTH(A72)=7, MONTH(A72)=8), "Rainy", "Sunny")) -> Rainy | V72: No | W72: {=_xlfn.IFS( OR(F72="Selenium (Hands-on)",F72="Guest Lecture: HR Interview"),6, OR(F72="Soft Skill",F72="Soft Skill (Examination)",F72="AWS Training",F72="AWS Session"),7, OR(ISNUMBER(SEARCH("MAD",F72)),ISNUMBER(SEARCH("STQA",F72)),F72="CI/CD Session"),8, OR(ISNUMBER(SEARCH("Cloud",F72)),F72="Industry Readiness Program",ISNUMBER(SEARCH("Talenlio",F72))),9, OR(ISNUMBER(SEARCH("Innovation",F72)),F72="Mini Project"),10, OR(ISNUMBER(SEARCH("Data Science",F72)),ISNUMBER(SEARCH("DS",F72))),11, ISNUMBER(SEARCH("Generative AI",F72)),12 =_xlfn.IFS( OR(F72="Selenium (Hands-on)",F72="Guest Lecture: HR Interview"),6, OR(F72="Soft Skill",F72="Soft Skill (Examination)",F72="AWS Training",F72="AWS Session"),7, OR(ISNUMBER(SEARCH("MAD",F72)),ISNUMBER(SEARCH("STQA",F72)),F72="CI/CD Session"),8, OR(ISNUMBER(SEARCH("Cloud",F72)),F72="Industry Readiness Program",ISNUMBER(SEARCH("Talenlio",F72))),9, OR(ISNUMBER(SEARCH("Innovation",F72)),F72="Mini Project"),10, OR(ISNUMBER(SEARCH("Data Science",F72)),ISNUMBER(SEARCH("DS",F72))),11, ISNUMBER(SEARCH("Generative AI",F72)),12 =_xlfn.IFS( OR(F72="Selenium (Hands-on)",F72="Guest Lecture: HR Interview"),6, OR(F72="Soft Skill",F72="Soft Skill (Examination)",F72="AWS Training",F72="AWS Session"),7, OR(ISNUMBER(SEARCH("MAD",F72)),ISNUMBER(SEARCH("STQA",F72)),F72="CI/CD Session"),8, OR(ISNUMBER(SEARCH("Cloud",F72)),F72="Industry Readiness Program",ISNUMBER(SEARCH("Talenlio",F72))),9, OR(ISNUMBER(SEARCH("Innovation",F72)),F72="Mini Project"),10, OR(ISNUMBER(SEARCH("Data Science",F72)),ISNUMBER(SEARCH("DS",F72))),11, ISNUMBER(SEARCH("Generative AI",F72)),12 =_xlfn.IFS( OR(F72="Selenium (Hands-on)",F72="Guest Lecture: HR Interview"),6, OR(F72="Soft Skill",F72="Soft Skill (Examination)",F72="AWS Training",F72="AWS Session"),7, OR(ISNUMBER(SEARCH("MAD",F72)),ISNUMBER(SEARCH("STQA",F72)),F72="CI/CD Session"),8, OR(ISNUMBER(SEARCH("Cloud",F72)),F72="Industry Readiness Program",ISNUMBER(SEARCH("Talenlio",F72))),9, OR(ISNUMBER(SEARCH("Innovation",F72)),F72="Mini Project"),10, OR(ISNUMBER(SEARCH("Data Science",F72)),ISNUMBER(SEARCH("DS",F72))),11, ISNUMBER(SEARCH("Generative AI",F72)),12 ))))} -> 8 | X72: 3 | Y72: 18 | Z72: Morning
A73: 46205 | B73: Thursday | C73: 3 | D73: 0.42708333 | E73: 0.46875 | F73: Data Science & Machine Learning | G73: MLK | H73: III | I73: MCA | J73: A | K73: Computer Lab | L73: 103 | M73: =RANDBETWEEN(40,103) -> 58 | N73: =IF(OR(L73="",M73=""),"",M73/L73*100) -> 56.31068 | O73: {=IFERROR(LOOKUP(2, 1/((F$1:F72=F73)*(J$1:J72=J73)*(ROW(F$1:F72)<ROW(F73))), N$1:N72), "")} -> 56.31068 | P73: =IF(C73=1, 0, IF(AND(A73=A72, J73=J72), ROUND(MAX(0, (D73-E72)*24), 2), 0)) -> 0 | Q73: Theory | R73: No | S73: =IF(OR(ISNUMBER(SEARCH("Guest", F73)), ISNUMBER(SEARCH("Hands-on", F73)), ISNUMBER(SEARCH("Project", F73)), B73="Friday"), "Yes", "No") -> No | T73: No | U73: =IF(MONTH(A73)=6, IF(DAY(A73)<20, "Sunny", "Cloudy"), IF(OR(MONTH(A73)=7, MONTH(A73)=8), "Rainy", "Sunny")) -> Rainy | V73: No | W73: {=_xlfn.IFS( OR(F73="Selenium (Hands-on)",F73="Guest Lecture: HR Interview"),6, OR(F73="Soft Skill",F73="Soft Skill (Examination)",F73="AWS Training",F73="AWS Session"),7, OR(ISNUMBER(SEARCH("MAD",F73)),ISNUMBER(SEARCH("STQA",F73)),F73="CI/CD Session"),8, OR(ISNUMBER(SEARCH("Cloud",F73)),F73="Industry Readiness Program",ISNUMBER(SEARCH("Talenlio",F73))),9, OR(ISNUMBER(SEARCH("Innovation",F73)),F73="Mini Project"),10, OR(ISNUMBER(SEARCH("Data Science",F73)),ISNUMBER(SEARCH("DS",F73))),11, ISNUMBER(SEARCH("Generative AI",F73)),12 =_xlfn.IFS( OR(F73="Selenium (Hands-on)",F73="Guest Lecture: HR Interview"),6, OR(F73="Soft Skill",F73="Soft Skill (Examination)",F73="AWS Training",F73="AWS Session"),7, OR(ISNUMBER(SEARCH("MAD",F73)),ISNUMBER(SEARCH("STQA",F73)),F73="CI/CD Session"),8, OR(ISNUMBER(SEARCH("Cloud",F73)),F73="Industry Readiness Program",ISNUMBER(SEARCH("Talenlio",F73))),9, OR(ISNUMBER(SEARCH("Innovation",F73)),F73="Mini Project"),10, OR(ISNUMBER(SEARCH("Data Science",F73)),ISNUMBER(SEARCH("DS",F73))),11, ISNUMBER(SEARCH("Generative AI",F73)),12 =_xlfn.IFS( OR(F73="Selenium (Hands-on)",F73="Guest Lecture: HR Interview"),6, OR(F73="Soft Skill",F73="Soft Skill (Examination)",F73="AWS Training",F73="AWS Session"),7, OR(ISNUMBER(SEARCH("MAD",F73)),ISNUMBER(SEARCH("STQA",F73)),F73="CI/CD Session"),8, OR(ISNUMBER(SEARCH("Cloud",F73)),F73="Industry Readiness Program",ISNUMBER(SEARCH("Talenlio",F73))),9, OR(ISNUMBER(SEARCH("Innovation",F73)),F73="Mini Project"),10, OR(ISNUMBER(SEARCH("Data Science",F73)),ISNUMBER(SEARCH("DS",F73))),11, ISNUMBER(SEARCH("Generative AI",F73)),12 =_xlfn.IFS( OR(F73="Selenium (Hands-on)",F73="Guest Lecture: HR Interview"),6, OR(F73="Soft Skill",F73="Soft Skill (Examination)",F73="AWS Training",F73="AWS Session"),7, OR(ISNUMBER(SEARCH("MAD",F73)),ISNUMBER(SEARCH("STQA",F73)),F73="CI/CD Session"),8, OR(ISNUMBER(SEARCH("Cloud",F73)),F73="Industry Readiness Program",ISNUMBER(SEARCH("Talenlio",F73))),9, OR(ISNUMBER(SEARCH("Innovation",F73)),F73="Mini Project"),10, OR(ISNUMBER(SEARCH("Data Science",F73)),ISNUMBER(SEARCH("DS",F73))),11, ISNUMBER(SEARCH("Generative AI",F73)),12 ))))} -> 11 | X73: 3 | Y73: 18 | Z73: Morning
A74: 46205 | B74: Thursday | C74: 4 | D74: 0.46875 | E74: 0.51041667 | F74: Software Testing and Quality Assurance | G74: DPY | H74: III | I74: MCA | J74: A | K74: Computer Lab | L74: 103 | M74: =RANDBETWEEN(40,103) -> 42 | N74: =IF(OR(L74="",M74=""),"",M74/L74*100) -> 40.776699 | O74: {=IFERROR(LOOKUP(2, 1/((F$1:F73=F74)*(J$1:J73=J74)*(ROW(F$1:F73)<ROW(F74))), N$1:N73), "")} -> 72.815534 | P74: =IF(C74=1, 0, IF(AND(A74=A73, J74=J73), ROUND(MAX(0, (D74-E73)*24), 2), 0)) -> 0 | Q74: Theory | R74: No | S74: =IF(OR(ISNUMBER(SEARCH("Guest", F74)), ISNUMBER(SEARCH("Hands-on", F74)), ISNUMBER(SEARCH("Project", F74)), B74="Friday"), "Yes", "No") -> No | T74: No | U74: =IF(MONTH(A74)=6, IF(DAY(A74)<20, "Sunny", "Cloudy"), IF(OR(MONTH(A74)=7, MONTH(A74)=8), "Rainy", "Sunny")) -> Rainy | V74: No | W74: 7 | X74: 3 | Y74: 18 | Z74: Morning
A75: 46205 | B75: Thursday | C75: 5 | D75: 0.5625 | E75: 0.60416667 | F75: Industry Readiness Program | G75: VSN | H75: III | I75: MCA | J75: A | K75: Computer Lab | L75: 103 | M75: =RANDBETWEEN(40,103) -> 65 | N75: =IF(OR(L75="",M75=""),"",M75/L75*100) -> 63.106796 | O75: {=IFERROR(LOOKUP(2, 1/((F$1:F74=F75)*(J$1:J74=J75)*(ROW(F$1:F74)<ROW(F75))), N$1:N74), "")} -> 62.135922 | P75: =IF(C75=1, 0, IF(AND(A75=A74, J75=J74), ROUND(MAX(0, (D75-E74)*24), 2), 0)) -> 1.25 | Q75: Theory | R75: No | S75: =IF(OR(ISNUMBER(SEARCH("Guest", F75)), ISNUMBER(SEARCH("Hands-on", F75)), ISNUMBER(SEARCH("Project", F75)), B75="Friday"), "Yes", "No") -> No | T75: No | U75: =IF(MONTH(A75)=6, IF(DAY(A75)<20, "Sunny", "Cloudy"), IF(OR(MONTH(A75)=7, MONTH(A75)=8), "Rainy", "Sunny")) -> Rainy | V75: No | W75: {=_xlfn.IFS( OR(F75="Selenium (Hands-on)",F75="Guest Lecture: HR Interview"),6, OR(F75="Soft Skill",F75="Soft Skill (Examination)",F75="AWS Training",F75="AWS Session"),7, OR(ISNUMBER(SEARCH("MAD",F75)),ISNUMBER(SEARCH("STQA",F75)),F75="CI/CD Session"),8, OR(ISNUMBER(SEARCH("Cloud",F75)),F75="Industry Readiness Program",ISNUMBER(SEARCH("Talenlio",F75))),9, OR(ISNUMBER(SEARCH("Innovation",F75)),F75="Mini Project"),10, OR(ISNUMBER(SEARCH("Data Science",F75)),ISNUMBER(SEARCH("DS",F75))),11, ISNUMBER(SEARCH("Generative AI",F75)),12 =_xlfn.IFS( OR(F75="Selenium (Hands-on)",F75="Guest Lecture: HR Interview"),6, OR(F75="Soft Skill",F75="Soft Skill (Examination)",F75="AWS Training",F75="AWS Session"),7, OR(ISNUMBER(SEARCH("MAD",F75)),ISNUMBER(SEARCH("STQA",F75)),F75="CI/CD Session"),8, OR(ISNUMBER(SEARCH("Cloud",F75)),F75="Industry Readiness Program",ISNUMBER(SEARCH("Talenlio",F75))),9, OR(ISNUMBER(SEARCH("Innovation",F75)),F75="Mini Project"),10, OR(ISNUMBER(SEARCH("Data Science",F75)),ISNUMBER(SEARCH("DS",F75))),11, ISNUMBER(SEARCH("Generative AI",F75)),12 =_xlfn.IFS( OR(F75="Selenium (Hands-on)",F75="Guest Lecture: HR Interview"),6, OR(F75="Soft Skill",F75="Soft Skill (Examination)",F75="AWS Training",F75="AWS Session"),7, OR(ISNUMBER(SEARCH("MAD",F75)),ISNUMBER(SEARCH("STQA",F75)),F75="CI/CD Session"),8, OR(ISNUMBER(SEARCH("Cloud",F75)),F75="Industry Readiness Program",ISNUMBER(SEARCH("Talenlio",F75))),9, OR(ISNUMBER(SEARCH("Innovation",F75)),F75="Mini Project"),10, OR(ISNUMBER(SEARCH("Data Science",F75)),ISNUMBER(SEARCH("DS",F75))),11, ISNUMBER(SEARCH("Generative AI",F75)),12 =_xlfn.IFS( OR(F75="Selenium (Hands-on)",F75="Guest Lecture: HR Interview"),6, OR(F75="Soft Skill",F75="Soft Skill (Examination)",F75="AWS Training",F75="AWS Session"),7, OR(ISNUMBER(SEARCH("MAD",F75)),ISNUMBER(SEARCH("STQA",F75)),F75="CI/CD Session"),8, OR(ISNUMBER(SEARCH("Cloud",F75)),F75="Industry Readiness Program",ISNUMBER(SEARCH("Talenlio",F75))),9, OR(ISNUMBER(SEARCH("Innovation",F75)),F75="Mini Project"),10, OR(ISNUMBER(SEARCH("Data Science",F75)),ISNUMBER(SEARCH("DS",F75))),11, ISNUMBER(SEARCH("Generative AI",F75)),12 ))))} -> 9 | X75: 3 | Y75: 18 | Z75: Afternoon
